scenario,strategy,strategy_name,feasible,breaches_cleared,breaches_cleared_higher_deprivation,equity_share,breaches_per_million,delivery_risk_exposure,total_cost,pct_of_baseline_cleared,lever_diversification,spend_share_x1,spend_share_x2,spend_share_x3
A1B1,S0,Hold position,True,0.0,0.0,0.0,0.0,0.0,0.0,0.0,0.0,0.0,0.0,0.0
A1B1,S1,Unconstrained optimisation,True,42454.0,42454.0,1.0,5660.5,1.0,7500000.0,0.14328911105099715,3.194336520406793e-06,1.5971708110896875e-06,0.0,0.9999984028291888
A1B1,S2,NHS delivery only,True,42454.0,42454.0,1.0,5660.5,1.0,7499999.999999999,0.14328911105099715,3.1943365195186146e-06,1.5971708107571286e-06,0.0,0.9999984028291893
A1B1,S3,No in-house expansion,True,42454.0,42454.0,1.0,5660.5,1.0,7499992.499999998,0.14328911105099715,0.0,0.0,0.0,1.0
A1B1,S4,Diagnostic-led recovery,True,42454.0,42454.0,1.0,5660.5,1.0,7499999.999999998,0.14328911105099715,3.194336519962704e-06,1.5971708109338584e-06,0.0,0.9999984028291891
A1B1,S5,Equity-first,True,42454.0,42454.0,1.0,5660.5,1.0,7500000.0,0.14328911105099715,3.194336520406793e-06,1.5971708110896875e-06,0.0,0.9999984028291888
A1B1,S7,Treatment capacity only,True,15873.0,15873.0,1.0,2116.4,0.0,7500000.0,0.05357483346218137,0.0,1.0,0.0,0.0
A1B1,S6,Diversified hedge,True,29164.0,29164.0,1.0,3888.5,0.7279,7499999.999999999,0.09843194546917253,0.5000010971684034,0.49999999999999994,1.0971708108950547e-06,0.49999890282918913
A1B2,S0,Hold position,True,0.0,0.0,0.0,0.0,0.0,0.0,0.0,0.0,0.0,0.0,0.0
A1B2,S1,Unconstrained optimisation,True,15873.0,15873.0,1.0,2116.4,0.0,7499992.499999998,0.053574779887347906,0.0,1.0,0.0,0.0
A1B2,S2,NHS delivery only,True,15873.0,15873.0,1.0,2116.4,0.0,7499992.499999999,0.053574779887347906,0.0,1.0,0.0,0.0
A1B2,S3,No in-house expansion,True,15873.0,15873.0,1.0,2116.4,1.0,7499999.999999999,0.053574779887347906,4.4642842152775586e-05,0.0,0.9999776780806555,2.232191934445801e-05
A1B2,S4,Diagnostic-led recovery,True,15518.0,15518.0,1.0,2069.1,0.4885,7499992.5,0.052374731202780585,0.5,0.49999999999999994,0.0,0.5
A1B2,S5,Equity-first,True,15873.0,15873.0,1.0,2116.4,0.0,7499992.499999998,0.053574779887347906,0.0,1.0,0.0,0.0
A1B2,S7,Treatment capacity only,True,15873.0,15873.0,1.0,2116.4,0.0,7500000.0,0.05357483346218137,0.0,1.0,0.0,0.0
A1B2,S6,Diversified hedge,True,15873.0,15873.0,1.0,2116.4,0.5,7500000.000000001,0.05357477988734791,0.5000223209228076,0.5,0.4999776780806562,2.2321919343743286e-05
A2B1,S0,Hold position,True,0.0,0.0,0.0,0.0,0.0,0.0,0.0,0.0,0.0,0.0,0.0
A2B1,S1,Unconstrained optimisation,True,169817.0,128794.0,0.7584281903460784,5660.6,1.0,30000000.000000004,0.5731564442039886,3.194336519962704e-06,1.5971708109243579e-06,0.0,0.9999984028291891
A2B1,S2,NHS delivery only,True,169817.0,128794.0,0.7584281903460784,5660.6,1.0,30000000.000000004,0.5731564442039886,3.1943365206288377e-06,1.5971708112088133e-06,0.0,0.9999984028291887
A2B1,S3,No in-house expansion,True,169817.0,128794.0,0.7584281903460784,5660.6,1.0,29999969.999999996,0.5731564442039886,0.0,0.0,0.0,1.0
A2B1,S4,Diagnostic-led recovery,True,169817.0,128794.0,0.7584281903460784,5660.6,1.0,30000000.0,0.5731564442039885,3.1943365201847485e-06,1.597170810986242e-06,0.0,0.999998402829189
A2B1,S5,Equity-first,True,169817.0,128794.0,0.7584281903460784,5660.6,1.0,30000000.0,0.5731564442039885,3.1943365201847485e-06,1.597170810986242e-06,0.0,0.999998402829189
A2B1,S7,Treatment capacity only,True,63493.0,63493.0,1.0,2116.4,0.0,29999969.99999999,0.21429911954939157,0.0,1.0,0.0,0.0
A2B1,S6,Diversified hedge,True,116655.0,116655.0,1.0,3888.5,0.7279,29999999.999999996,0.39372778187669016,0.5000010971684034,0.5,1.0971708108776837e-06,0.49999890282918913
A2B2,S0,Hold position,True,0.0,0.0,0.0,0.0,0.0,0.0,0.0,0.0,0.0,0.0,0.0
A2B2,S1,Unconstrained optimisation,True,63493.0,63493.0,1.0,2116.4,0.0,29999969.999999993,0.2142991195493916,0.0,1.0,0.0,0.0
A2B2,S2,NHS delivery only,True,63493.0,63493.0,1.0,2116.4,0.0,29999969.999999996,0.21429911954939163,0.0,1.0,0.0,0.0
A2B2,S3,No in-house expansion,True,63493.0,30239.0,0.4762572252059282,2116.4,1.0,30000000.000000004,0.2142991195493916,4.46428421583267e-05,0.0,0.9999776780806527,2.2321919347252364e-05
A2B2,S4,Diagnostic-led recovery,True,62071.0,62071.0,1.0,2069.0,0.4885,29999970.0,0.20949892481112237,0.5,0.49999999999999994,0.0,0.5
A2B2,S5,Equity-first,True,63493.0,63493.0,1.0,2116.4,0.0,29999969.999999993,0.21429911954939165,0.0,1.0,0.0,0.0
A2B2,S7,Treatment capacity only,True,63493.0,63493.0,1.0,2116.4,0.0,29999969.99999999,0.21429911954939157,0.0,1.0,0.0,0.0
A2B2,S6,Diversified hedge,True,63493.0,61986.0,0.9762651000897736,2116.4,0.5,29999999.999999993,0.21429911954939165,0.500022320922805,0.5,0.4999776780806589,2.2321919341088993e-05
BASE,S0,Hold position,True,0.0,0.0,0.0,0.0,0.0,0.0,0.0,0.0,0.0,0.0,0.0
BASE,S1,Unconstrained optimisation,True,60649.0,60649.0,1.0,4043.3,1.0,15000000.0,0.20469873007285302,4.196822995350402e-06,2.098415900982105e-06,0.0,0.999997901584099
BASE,S2,NHS delivery only,True,60649.0,60649.0,1.0,4043.3,1.0,15000000.0,0.20469873007285305,4.196822996016536e-06,2.0984159013598214e-06,0.0,0.9999979015840986
BASE,S3,No in-house expansion,True,60649.0,60649.0,1.0,4043.3,1.0,15000000.0,0.20469873007285305,4.196822995572447e-06,0.0,2.0984159011256964e-06,0.9999979015840988
BASE,S4,Diagnostic-led recovery,True,60649.0,60649.0,1.0,4043.3,1.0,15000000.0,0.20469873007285305,4.196822995572447e-06,2.098415901188283e-06,0.0,0.9999979015840988
BASE,S5,Equity-first,True,60649.0,60649.0,1.0,4043.3,1.0,15000000.0,0.20469873007285305,4.196822995572447e-06,2.09841590110846e-06,0.0,0.9999979015840988
BASE,S7,Treatment capacity only,True,31747.0,31747.0,1.0,2116.5,0.0,15000000.0,0.10714955977469583,0.0,1.0,0.0,0.0
BASE,S6,Diversified hedge,True,46198.0,46198.0,1.0,3079.9,0.6564,14999999.999999996,0.1559241449237744,0.5000015984107911,0.5,1.598415900952058e-06,0.49999840158409903
