provider_org_code,period_month,waiting_list_size,is_forecast,method,mc_p5,mc_p50,mc_p95
RBL,2019-04-01,52578.0,False,,,,
RBL,2019-05-01,54780.0,False,,,,
RBL,2019-06-01,51636.0,False,,,,
RBL,2019-07-01,49664.0,False,,,,
RBL,2019-08-01,49920.0,False,,,,
RBL,2019-09-01,49660.0,False,,,,
RBL,2019-10-01,48920.0,False,,,,
RBL,2019-11-01,47334.0,False,,,,
RBL,2019-12-01,46744.0,False,,,,
RBL,2020-01-01,46310.0,False,,,,
RBL,2020-02-01,46582.0,False,,,,
RBL,2020-03-01,44840.0,False,,,,
RBL,2020-04-01,42688.0,False,,,,
RBL,2020-05-01,42790.0,False,,,,
RBL,2020-06-01,42988.0,False,,,,
RBL,2020-07-01,46264.0,False,,,,
RBL,2020-08-01,49154.0,False,,,,
RBL,2020-09-01,48590.0,False,,,,
RBL,2020-10-01,46052.0,False,,,,
RBL,2020-11-01,43446.0,False,,,,
RBL,2020-12-01,43774.0,False,,,,
RBL,2021-01-01,43934.0,False,,,,
RBL,2021-02-01,44082.0,False,,,,
RBL,2021-03-01,47048.0,False,,,,
RBL,2021-04-01,49684.0,False,,,,
RBL,2021-05-01,51908.0,False,,,,
RBL,2021-06-01,53522.0,False,,,,
RBL,2021-07-01,54146.0,False,,,,
RBL,2021-08-01,54814.0,False,,,,
RBL,2021-09-01,55038.0,False,,,,
RBL,2021-10-01,54086.0,False,,,,
RBL,2021-11-01,54274.0,False,,,,
RBL,2021-12-01,54986.0,False,,,,
RBL,2022-01-01,57510.0,False,,,,
RBL,2022-02-01,59072.0,False,,,,
RBL,2022-03-01,61056.0,False,,,,
RBL,2022-04-01,63194.0,False,,,,
RBL,2022-05-01,64904.0,False,,,,
RBL,2022-06-01,66776.0,False,,,,
RBL,2022-07-01,70038.0,False,,,,
RBL,2022-08-01,71644.0,False,,,,
RBL,2022-09-01,74240.0,False,,,,
RBL,2022-10-01,74488.0,False,,,,
RBL,2022-11-01,74556.0,False,,,,
RBL,2022-12-01,75126.0,False,,,,
RBL,2023-01-01,78054.0,False,,,,
RBL,2023-02-01,80324.0,False,,,,
RBL,2023-03-01,82320.0,False,,,,
RBL,2023-04-01,83674.0,False,,,,
RBL,2023-05-01,83136.0,False,,,,
RBL,2023-06-01,81196.0,False,,,,
RBL,2023-07-01,85494.0,False,,,,
RBL,2023-08-01,87370.0,False,,,,
RBL,2023-09-01,88562.0,False,,,,
RBL,2023-10-01,86558.0,False,,,,
RBL,2023-11-01,85408.0,False,,,,
RBL,2023-12-01,83648.0,False,,,,
RBL,2024-01-01,82164.0,False,,,,
RBL,2024-02-01,83170.0,False,,,,
RBL,2024-03-01,88058.0,False,,,,
RBL,2024-04-01,89056.0,False,,,,
RBL,2024-05-01,89028.0,False,,,,
RBL,2024-06-01,88694.0,False,,,,
RBL,2024-07-01,92064.0,False,,,,
RBL,2024-08-01,93540.0,False,,,,
RBL,2024-09-01,95158.0,False,,,,
RBL,2024-10-01,94744.0,False,,,,
RBL,2024-11-01,96242.0,False,,,,
RBL,2024-12-01,94986.0,False,,,,
RBL,2025-01-01,94932.0,False,,,,
RBL,2025-02-01,95130.0,False,,,,
RBL,2025-03-01,98482.0,False,,,,
RBL,2025-04-01,93092.0,False,,,,
RBL,2025-05-01,91690.0,False,,,,
RBL,2025-06-01,94196.0,False,,,,
RBL,2025-07-01,94956.0,False,,,,
RBL,2025-08-01,94926.0,False,,,,
RBL,2025-09-01,96808.0,False,,,,
RBL,2025-10-01,99358.0,False,,,,
RBL,2025-11-01,96540.0,False,,,,
RBL,2025-12-01,94640.0,False,,,,
RBL,2026-01-01,93312.0,False,,,,
RBL,2026-02-01,92714.0,False,,,,
RBL,2026-03-01,87332.0,False,,,,
RBL,2026-04-01,93092.0,True,seasonal_naive,84444.0,100974.0,113572.0
RBL,2026-05-01,91690.0,True,seasonal_naive,83042.0,99188.0,112170.0
RBL,2026-06-01,94196.0,True,seasonal_naive,90308.0,102078.0,114676.0
RBL,2026-07-01,94956.0,True,seasonal_naive,86308.0,102990.0,115436.0
RBL,2026-08-01,94926.0,True,seasonal_naive,86278.0,102424.0,115406.0
RBL,2026-09-01,96808.0,True,seasonal_naive,92920.0,103804.0,117213.9
RBL,2026-10-01,99358.0,True,seasonal_naive,90710.0,107240.0,119838.0
RBL,2026-11-01,96540.0,True,seasonal_naive,87892.0,104038.0,117020.0
RBL,2026-12-01,94640.0,True,seasonal_naive,84750.0,102138.0,115120.0
RBL,2027-01-01,93312.0,True,seasonal_naive,84664.0,100308.0,113792.0
RBL,2027-02-01,92714.0,True,seasonal_naive,84066.0,100748.0,113116.0
RBL,2027-03-01,87332.0,True,seasonal_naive,78684.0,95214.0,107812.0
RBL,2027-04-01,93092.0,True,seasonal_naive,83202.0,100590.0,113572.0
RBL,2027-05-01,91690.0,True,seasonal_naive,83042.0,99188.0,112170.0
RBL,2027-06-01,94196.0,True,seasonal_naive,85548.0,101694.0,114598.0
RBL,2027-07-01,94956.0,True,seasonal_naive,86308.0,102454.0,115436.0
RBL,2027-08-01,94926.0,True,seasonal_naive,86278.0,102424.0,115406.0
RBL,2027-09-01,96808.0,True,seasonal_naive,88160.0,104690.0,117288.0
RBN,2019-04-01,43348.0,False,,,,
RBN,2019-05-01,42992.0,False,,,,
RBN,2019-06-01,42792.0,False,,,,
RBN,2019-07-01,42786.0,False,,,,
RBN,2019-08-01,42504.0,False,,,,
RBN,2019-09-01,42362.0,False,,,,
RBN,2019-10-01,42176.0,False,,,,
RBN,2019-11-01,41950.0,False,,,,
RBN,2019-12-01,41812.0,False,,,,
RBN,2020-01-01,41400.0,False,,,,
RBN,2020-02-01,41092.0,False,,,,
RBN,2020-03-01,40842.0,False,,,,
RBN,2020-04-01,42022.0,False,,,,
RBN,2020-05-01,42010.0,False,,,,
RBN,2020-06-01,42058.0,False,,,,
RBN,2020-07-01,42918.0,False,,,,
RBN,2020-08-01,44128.0,False,,,,
RBN,2020-09-01,44536.0,False,,,,
RBN,2020-10-01,44618.0,False,,,,
RBN,2020-11-01,44566.0,False,,,,
RBN,2020-12-01,43956.0,False,,,,
RBN,2021-01-01,43494.0,False,,,,
RBN,2021-02-01,44802.0,False,,,,
RBN,2021-03-01,46142.0,False,,,,
RBN,2021-04-01,48460.0,False,,,,
RBN,2021-05-01,49838.0,False,,,,
RBN,2021-06-01,51180.0,False,,,,
RBN,2021-07-01,53530.0,False,,,,
RBN,2021-08-01,54622.0,False,,,,
RBN,2021-09-01,56902.0,False,,,,
RBN,2021-10-01,58766.0,False,,,,
RBN,2021-11-01,59528.0,False,,,,
RBN,2021-12-01,60188.0,False,,,,
RBN,2022-01-01,62758.0,False,,,,
RBN,2022-02-01,62692.0,False,,,,
RBN,2022-03-01,64776.0,False,,,,
RBN,2022-04-01,68782.0,False,,,,
RBN,2022-05-01,70982.0,False,,,,
RBN,2022-06-01,73092.0,False,,,,
RBN,2022-07-01,75750.0,False,,,,
RBN,2022-08-01,81094.0,False,,,,
RBN,2022-09-01,85640.0,False,,,,
RBN,2022-10-01,89944.0,False,,,,
RBN,2022-11-01,91910.0,False,,,,
RBN,2022-12-01,90888.0,False,,,,
RBN,2023-01-01,92896.0,False,,,,
RBN,2023-02-01,92164.0,False,,,,
RBN,2023-03-01,93558.0,False,,,,
RBN,2023-04-01,97662.0,False,,,,
RBN,2023-05-01,101474.0,False,,,,
RBN,2023-06-01,104690.0,False,,,,
RBN,2023-07-01,144894.0,False,,,,
RBN,2023-08-01,145460.0,False,,,,
RBN,2023-09-01,148556.0,False,,,,
RBN,2023-10-01,154842.0,False,,,,
RBN,2023-11-01,159634.0,False,,,,
RBN,2023-12-01,158960.0,False,,,,
RBN,2024-01-01,160268.0,False,,,,
RBN,2024-02-01,161688.0,False,,,,
RBN,2024-03-01,161100.0,False,,,,
RBN,2024-04-01,162700.0,False,,,,
RBN,2024-05-01,163450.0,False,,,,
RBN,2024-06-01,165354.0,False,,,,
RBN,2024-07-01,165976.0,False,,,,
RBN,2024-08-01,167432.0,False,,,,
RBN,2024-09-01,163564.0,False,,,,
RBN,2024-10-01,164730.0,False,,,,
RBN,2024-11-01,162368.0,False,,,,
RBN,2024-12-01,156888.0,False,,,,
RBN,2025-01-01,155872.0,False,,,,
RBN,2025-02-01,152308.0,False,,,,
RBN,2025-03-01,152360.0,False,,,,
RBN,2025-04-01,152976.0,False,,,,
RBN,2025-05-01,151782.0,False,,,,
RBN,2025-06-01,150488.0,False,,,,
RBN,2025-07-01,152836.0,False,,,,
RBN,2025-08-01,153774.0,False,,,,
RBN,2025-09-01,155646.0,False,,,,
RBN,2025-10-01,154708.0,False,,,,
RBN,2025-11-01,151478.0,False,,,,
RBN,2025-12-01,149322.0,False,,,,
RBN,2026-01-01,147270.0,False,,,,
RBN,2026-02-01,150918.0,False,,,,
RBN,2026-03-01,155332.0,False,,,,
RBN,2026-04-01,156755.15963595232,True,holt_winters,150940.1693646016,157020.04656860477,160767.63320571926
RBN,2026-05-01,157183.4311253748,True,holt_winters,151371.39386762495,157364.42615512217,161271.04243723018
RBN,2026-06-01,158960.42139870906,True,holt_winters,153148.3841409592,159190.60357396925,162972.894968476
RBN,2026-07-01,166396.1864055691,True,holt_winters,160584.14914781926,166577.18143531648,170408.65997533605
RBN,2026-08-01,168682.99580016214,True,holt_winters,162870.9585424123,168851.85054370764,172695.46936992908
RBN,2026-09-01,168863.11515977484,True,holt_winters,163051.077902025,169093.29733503502,172875.58872954178
RBN,2026-10-01,170108.4293581319,True,holt_winters,164237.3318283646,170289.42438787926,174120.90292789883
RBN,2026-11-01,169911.8820279802,True,holt_winters,164040.78449821292,170092.87705772757,173924.35559774714
RBN,2026-12-01,168895.8593509481,True,holt_winters,163083.82209319825,169076.85438069547,172908.33292071504
RBN,2027-01-01,169126.73339747524,True,holt_winters,163314.6961397254,169307.7284272226,173139.20696724218
RBN,2027-02-01,168758.40600027086,True,holt_winters,162946.368742521,168939.40103001823,172770.8795700378
RBN,2027-03-01,169151.87407940507,True,holt_winters,163339.83682165522,169332.86910915244,173164.347649172
RBN,2027-04-01,170885.33187640703,True,holt_winters,165073.29461865718,171115.5140516672,174897.80544617397
RBN,2027-05-01,171313.6033658295,True,holt_winters,165501.56610807966,171543.7855410897,175326.07693559644
RBN,2027-06-01,173090.59363916377,True,holt_winters,167278.55638141392,173271.58866891114,177103.0672089307
RBN,2027-07-01,180526.35864602381,True,holt_winters,174714.32138827397,180791.24557867626,184538.83221579075
RBN,2027-08-01,182813.16804061685,True,holt_winters,177001.130782867,183078.0549732693,186900.77935247222
RBN,2027-09-01,182993.28740022954,True,holt_winters,177181.2501424797,183258.174332882,187005.76096999648
RBQ,2019-04-01,4652.0,False,,,,
RBQ,2019-05-01,4896.0,False,,,,
RBQ,2019-06-01,5094.0,False,,,,
RBQ,2019-07-01,6376.0,False,,,,
RBQ,2019-08-01,6614.0,False,,,,
RBQ,2019-09-01,7134.0,False,,,,
RBQ,2019-10-01,7432.0,False,,,,
RBQ,2019-11-01,7242.0,False,,,,
RBQ,2019-12-01,7238.0,False,,,,
RBQ,2020-01-01,7492.0,False,,,,
RBQ,2020-02-01,7682.0,False,,,,
RBQ,2020-03-01,7892.0,False,,,,
RBQ,2020-04-01,7200.0,False,,,,
RBQ,2020-05-01,7130.0,False,,,,
RBQ,2020-06-01,7164.0,False,,,,
RBQ,2020-07-01,7236.0,False,,,,
RBQ,2020-08-01,7306.0,False,,,,
RBQ,2020-09-01,7416.0,False,,,,
RBQ,2020-10-01,7482.0,False,,,,
RBQ,2020-11-01,8490.0,False,,,,
RBQ,2020-12-01,7630.0,False,,,,
RBQ,2021-01-01,7456.0,False,,,,
RBQ,2021-02-01,7610.0,False,,,,
RBQ,2021-03-01,7986.0,False,,,,
RBQ,2021-04-01,7878.0,False,,,,
RBQ,2021-05-01,8286.0,False,,,,
RBQ,2021-06-01,7950.0,False,,,,
RBQ,2021-07-01,7894.0,False,,,,
RBQ,2021-08-01,7486.0,False,,,,
RBQ,2021-09-01,7414.0,False,,,,
RBQ,2021-10-01,7708.0,False,,,,
RBQ,2021-11-01,7732.0,False,,,,
RBQ,2021-12-01,8318.0,False,,,,
RBQ,2022-01-01,8614.0,False,,,,
RBQ,2022-02-01,9428.0,False,,,,
RBQ,2022-03-01,10632.0,False,,,,
RBQ,2022-04-01,11042.0,False,,,,
RBQ,2022-05-01,11678.0,False,,,,
RBQ,2022-06-01,11514.0,False,,,,
RBQ,2022-07-01,10484.0,False,,,,
RBQ,2022-08-01,10640.0,False,,,,
RBQ,2022-09-01,10578.0,False,,,,
RBQ,2022-10-01,10916.0,False,,,,
RBQ,2022-11-01,11080.0,False,,,,
RBQ,2022-12-01,10926.0,False,,,,
RBQ,2023-01-01,10946.0,False,,,,
RBQ,2023-02-01,11016.0,False,,,,
RBQ,2023-03-01,11110.0,False,,,,
RBQ,2023-04-01,11436.0,False,,,,
RBQ,2023-05-01,11728.0,False,,,,
RBQ,2023-06-01,11634.0,False,,,,
RBQ,2023-07-01,11166.0,False,,,,
RBQ,2023-08-01,11472.0,False,,,,
RBQ,2023-09-01,11474.0,False,,,,
RBQ,2023-10-01,11518.0,False,,,,
RBQ,2023-11-01,11830.0,False,,,,
RBQ,2023-12-01,11820.0,False,,,,
RBQ,2024-01-01,11806.0,False,,,,
RBQ,2024-02-01,12098.0,False,,,,
RBQ,2024-03-01,12106.0,False,,,,
RBQ,2024-04-01,11724.0,False,,,,
RBQ,2024-05-01,12662.0,False,,,,
RBQ,2024-06-01,12344.0,False,,,,
RBQ,2024-07-01,12538.0,False,,,,
RBQ,2024-08-01,12538.0,False,,,,
RBQ,2024-09-01,12430.0,False,,,,
RBQ,2024-10-01,12860.0,False,,,,
RBQ,2024-11-01,13000.0,False,,,,
RBQ,2024-12-01,13070.0,False,,,,
RBQ,2025-01-01,12954.0,False,,,,
RBQ,2025-02-01,12588.0,False,,,,
RBQ,2025-03-01,12762.0,False,,,,
RBQ,2025-04-01,12264.0,False,,,,
RBQ,2025-05-01,12102.0,False,,,,
RBQ,2025-06-01,11502.0,False,,,,
RBQ,2025-07-01,11464.0,False,,,,
RBQ,2025-08-01,11218.0,False,,,,
RBQ,2025-09-01,11008.0,False,,,,
RBQ,2025-10-01,11080.0,False,,,,
RBQ,2025-11-01,11008.0,False,,,,
RBQ,2025-12-01,11186.0,False,,,,
RBQ,2026-01-01,11486.0,False,,,,
RBQ,2026-02-01,11920.0,False,,,,
RBQ,2026-03-01,12068.0,False,,,,
RBQ,2026-04-01,12264.0,True,seasonal_naive,10842.0,12974.0,15428.0
RBQ,2026-05-01,12102.0,True,seasonal_naive,10634.0,12852.0,15310.0
RBQ,2026-06-01,11502.0,True,seasonal_naive,10034.0,12334.0,14666.0
RBQ,2026-07-01,11464.0,True,seasonal_naive,9996.0,12214.0,14672.0
RBQ,2026-08-01,11218.0,True,seasonal_naive,9750.0,11968.0,14426.0
RBQ,2026-09-01,11008.0,True,seasonal_naive,9540.0,11700.0,14172.0
RBQ,2026-10-01,11080.0,True,seasonal_naive,9612.0,11790.0,14288.0
RBQ,2026-11-01,11008.0,True,seasonal_naive,9540.0,11718.0,14216.0
RBQ,2026-12-01,11186.0,True,seasonal_naive,9718.0,11972.0,14394.0
RBQ,2027-01-01,11486.0,True,seasonal_naive,10018.0,12236.0,14694.0
RBQ,2027-02-01,11920.0,True,seasonal_naive,10452.0,12630.0,15084.0
RBQ,2027-03-01,12068.0,True,seasonal_naive,10600.0,12818.0,15276.0
RBQ,2027-04-01,12264.0,True,seasonal_naive,10796.0,12956.0,15472.0
RBQ,2027-05-01,12102.0,True,seasonal_naive,10634.0,12812.0,15310.0
RBQ,2027-06-01,11502.0,True,seasonal_naive,10080.0,12252.0,14710.0
RBQ,2027-07-01,11464.0,True,seasonal_naive,9684.0,12214.0,14672.0
RBQ,2027-08-01,11218.0,True,seasonal_naive,9796.0,11968.0,14426.0
RBQ,2027-09-01,11008.0,True,seasonal_naive,9540.0,11758.0,14216.0
RBS,2019-04-01,25742.0,False,,,,
RBS,2019-05-01,25738.0,False,,,,
RBS,2019-06-01,25686.0,False,,,,
RBS,2019-07-01,25766.0,False,,,,
RBS,2019-08-01,25748.0,False,,,,
RBS,2019-09-01,25652.0,False,,,,
RBS,2019-10-01,25508.0,False,,,,
RBS,2019-11-01,25654.0,False,,,,
RBS,2019-12-01,25700.0,False,,,,
RBS,2020-01-01,25770.0,False,,,,
RBS,2020-02-01,25790.0,False,,,,
RBS,2020-03-01,24324.0,False,,,,
RBS,2020-04-01,22046.0,False,,,,
RBS,2020-05-01,21746.0,False,,,,
RBS,2020-06-01,22482.0,False,,,,
RBS,2020-07-01,22042.0,False,,,,
RBS,2020-08-01,22740.0,False,,,,
RBS,2020-09-01,22060.0,False,,,,
RBS,2020-10-01,21890.0,False,,,,
RBS,2020-11-01,21718.0,False,,,,
RBS,2020-12-01,21076.0,False,,,,
RBS,2021-01-01,21466.0,False,,,,
RBS,2021-02-01,23092.0,False,,,,
RBS,2021-03-01,24010.0,False,,,,
RBS,2021-04-01,23094.0,False,,,,
RBS,2021-05-01,22324.0,False,,,,
RBS,2021-06-01,22866.0,False,,,,
RBS,2021-07-01,24192.0,False,,,,
RBS,2021-08-01,25822.0,False,,,,
RBS,2021-09-01,25416.0,False,,,,
RBS,2021-10-01,36600.0,False,,,,
RBS,2021-11-01,37722.0,False,,,,
RBS,2021-12-01,38254.0,False,,,,
RBS,2022-01-01,38200.0,False,,,,
RBS,2022-02-01,39494.0,False,,,,
RBS,2022-03-01,41176.0,False,,,,
RBS,2022-04-01,43786.0,False,,,,
RBS,2022-05-01,45768.0,False,,,,
RBS,2022-06-01,47462.0,False,,,,
RBS,2022-07-01,48268.0,False,,,,
RBS,2022-08-01,48980.0,False,,,,
RBS,2022-09-01,48924.0,False,,,,
RBS,2022-10-01,49140.0,False,,,,
RBS,2022-11-01,45786.0,False,,,,
RBS,2022-12-01,46546.0,False,,,,
RBS,2023-01-01,47496.0,False,,,,
RBS,2023-02-01,49714.0,False,,,,
RBS,2023-03-01,50276.0,False,,,,
RBS,2023-04-01,52182.0,False,,,,
RBS,2023-05-01,51856.0,False,,,,
RBS,2023-06-01,50982.0,False,,,,
RBS,2023-07-01,49824.0,False,,,,
RBS,2023-08-01,49938.0,False,,,,
RBS,2023-09-01,51104.0,False,,,,
RBS,2023-10-01,52270.0,False,,,,
RBS,2023-11-01,53482.0,False,,,,
RBS,2023-12-01,53102.0,False,,,,
RBS,2024-01-01,53496.0,False,,,,
RBS,2024-02-01,48152.0,False,,,,
RBS,2024-03-01,47870.0,False,,,,
RBS,2024-04-01,49254.0,False,,,,
RBS,2024-05-01,50326.0,False,,,,
RBS,2024-06-01,50422.0,False,,,,
RBS,2024-07-01,49672.0,False,,,,
RBS,2024-08-01,49606.0,False,,,,
RBS,2024-09-01,48946.0,False,,,,
RBS,2024-10-01,48398.0,False,,,,
RBS,2024-11-01,46632.0,False,,,,
RBS,2024-12-01,45956.0,False,,,,
RBS,2025-01-01,45416.0,False,,,,
RBS,2025-02-01,44618.0,False,,,,
RBS,2025-03-01,43576.0,False,,,,
RBS,2025-04-01,41924.0,False,,,,
RBS,2025-05-01,39670.0,False,,,,
RBS,2025-06-01,38194.0,False,,,,
RBS,2025-07-01,37574.0,False,,,,
RBS,2025-08-01,37520.0,False,,,,
RBS,2025-09-01,36450.0,False,,,,
RBS,2025-10-01,36506.0,False,,,,
RBS,2025-11-01,35258.0,False,,,,
RBS,2025-12-01,34946.0,False,,,,
RBS,2026-01-01,34544.0,False,,,,
RBS,2026-02-01,33414.0,False,,,,
RBS,2026-03-01,32994.0,False,,,,
RBS,2026-04-01,32313.02422125925,True,holt_winters,30224.49364385368,32323.30789024647,34041.007659281924
RBS,2026-05-01,31389.651577718054,True,holt_winters,29300.591720471144,31428.468796560075,32963.1153486792
RBS,2026-06-01,30670.60009683232,True,holt_winters,28582.06951942675,30709.41731567434,32398.583534854995
RBS,2026-07-01,29682.71693940561,True,holt_winters,27594.214218833797,29710.094379896684,31410.700377428286
RBS,2026-08-01,29245.36062174244,True,holt_winters,27156.857901170624,29284.17784058446,30818.824392703587
RBS,2026-09-01,28141.16348920358,True,holt_winters,26052.63291179801,28168.540929694653,29714.62726016473
RBS,2026-10-01,29049.958173625877,True,holt_winters,26961.455453054063,29060.241842613097,30777.94161164855
RBS,2026-11-01,27749.693913629882,True,holt_winters,25661.191193058068,27785.744986078884,29323.15768459103
RBS,2026-12-01,26951.83515688665,True,holt_winters,24863.332436314835,26987.88622933565,28533.024911200868
RBS,2027-01-01,26385.0569269894,True,holt_winters,24296.554206417586,26380.022030820903,27958.52069795055
RBS,2027-02-01,25370.079960124327,True,holt_winters,23281.577239552513,25406.13103257333,27098.063398147002
RBS,2027-03-01,24638.212425089994,True,holt_winters,22549.152567843084,24648.496094077214,26366.19586311267
RBS,2027-04-01,23957.236651775736,True,holt_winters,21868.176794528827,23993.287724224738,25685.22008979841
RBS,2027-05-01,23033.86400823454,True,holt_winters,20945.361287662727,23061.241448725614,24607.32777919569
RBS,2027-06-01,22314.812527348808,True,holt_winters,20225.752670101898,22342.18996783988,23888.276298309956
RBS,2027-07-01,21326.929369922098,True,holt_winters,19238.426649350284,21365.74658876412,23054.912807944773
RBS,2027-08-01,20889.57305225893,True,holt_winters,18801.070331687115,20925.62412470793,22463.036823220078
RBS,2027-09-01,19785.375919720067,True,holt_winters,17696.845342314497,19812.75336021114,21513.359357742742
RBT,2019-04-01,29902.0,False,,,,
RBT,2019-05-01,30452.0,False,,,,
RBT,2019-06-01,31136.0,False,,,,
RBT,2019-07-01,30868.0,False,,,,
RBT,2019-08-01,30870.0,False,,,,
RBT,2019-09-01,30322.0,False,,,,
RBT,2019-10-01,29348.0,False,,,,
RBT,2019-11-01,29426.0,False,,,,
RBT,2019-12-01,29798.0,False,,,,
RBT,2020-01-01,30660.0,False,,,,
RBT,2020-02-01,30994.0,False,,,,
RBT,2020-03-01,29758.0,False,,,,
RBT,2020-04-01,27810.0,False,,,,
RBT,2020-05-01,27424.0,False,,,,
RBT,2020-06-01,28126.0,False,,,,
RBT,2020-07-01,30572.0,False,,,,
RBT,2020-08-01,31860.0,False,,,,
RBT,2020-09-01,33310.0,False,,,,
RBT,2020-10-01,34366.0,False,,,,
RBT,2020-11-01,34938.0,False,,,,
RBT,2020-12-01,36518.0,False,,,,
RBT,2021-01-01,38340.0,False,,,,
RBT,2021-02-01,39932.0,False,,,,
RBT,2021-03-01,42444.0,False,,,,
RBT,2021-04-01,43508.0,False,,,,
RBT,2021-05-01,46798.0,False,,,,
RBT,2021-06-01,50186.0,False,,,,
RBT,2021-07-01,52824.0,False,,,,
RBT,2021-08-01,53950.0,False,,,,
RBT,2021-09-01,54640.0,False,,,,
RBT,2021-10-01,58864.0,False,,,,
RBT,2021-11-01,55702.0,False,,,,
RBT,2021-12-01,59566.0,False,,,,
RBT,2022-01-01,60088.0,False,,,,
RBT,2022-02-01,61126.0,False,,,,
RBT,2022-03-01,63504.0,False,,,,
RBT,2022-04-01,64238.0,False,,,,
RBT,2022-05-01,66568.0,False,,,,
RBT,2022-06-01,68214.0,False,,,,
RBT,2022-07-01,66176.0,False,,,,
RBT,2022-08-01,68270.0,False,,,,
RBT,2022-09-01,73480.0,False,,,,
RBT,2022-10-01,73514.0,False,,,,
RBT,2022-11-01,73238.0,False,,,,
RBT,2022-12-01,72512.0,False,,,,
RBT,2023-01-01,74882.0,False,,,,
RBT,2023-02-01,75356.0,False,,,,
RBT,2023-03-01,77370.0,False,,,,
RBT,2023-04-01,79426.0,False,,,,
RBT,2023-05-01,77128.0,False,,,,
RBT,2023-06-01,78810.0,False,,,,
RBT,2023-07-01,80790.0,False,,,,
RBT,2023-08-01,82886.0,False,,,,
RBT,2023-09-01,84790.0,False,,,,
RBT,2023-10-01,83124.0,False,,,,
RBT,2023-11-01,81188.0,False,,,,
RBT,2023-12-01,81260.0,False,,,,
RBT,2024-01-01,80464.0,False,,,,
RBT,2024-02-01,80500.0,False,,,,
RBT,2024-03-01,77168.0,False,,,,
RBT,2024-04-01,77082.0,False,,,,
RBT,2024-05-01,77020.0,False,,,,
RBT,2024-06-01,75674.0,False,,,,
RBT,2024-07-01,76366.0,False,,,,
RBT,2024-08-01,78936.0,False,,,,
RBT,2024-09-01,79420.0,False,,,,
RBT,2024-10-01,79530.0,False,,,,
RBT,2024-11-01,77686.0,False,,,,
RBT,2024-12-01,75824.0,False,,,,
RBT,2025-01-01,75416.0,False,,,,
RBT,2025-02-01,74600.0,False,,,,
RBT,2025-03-01,73534.0,False,,,,
RBT,2025-04-01,71172.0,False,,,,
RBT,2025-05-01,72516.0,False,,,,
RBT,2025-06-01,78436.0,False,,,,
RBT,2025-07-01,84244.0,False,,,,
RBT,2025-08-01,88702.0,False,,,,
RBT,2025-09-01,87434.0,False,,,,
RBT,2025-10-01,86440.0,False,,,,
RBT,2025-11-01,83826.0,False,,,,
RBT,2025-12-01,79188.0,False,,,,
RBT,2026-01-01,74824.0,False,,,,
RBT,2026-02-01,69122.0,False,,,,
RBT,2026-03-01,61170.0,False,,,,
RBT,2026-04-01,71172.0,True,seasonal_naive,65694.0,79122.0,93262.0
RBT,2026-05-01,72516.0,True,seasonal_naive,67080.0,80530.0,94606.0
RBT,2026-06-01,78436.0,True,seasonal_naive,72958.0,86450.0,100496.0
RBT,2026-07-01,84244.0,True,seasonal_naive,78766.0,92992.0,106496.0
RBT,2026-08-01,88702.0,True,seasonal_naive,83224.0,96652.0,110792.0
RBT,2026-09-01,87434.0,True,seasonal_naive,81998.0,95384.0,109524.0
RBT,2026-10-01,86440.0,True,seasonal_naive,80962.0,94390.0,108530.0
RBT,2026-11-01,83826.0,True,seasonal_naive,78348.0,91776.0,105916.0
RBT,2026-12-01,79188.0,True,seasonal_naive,73710.0,87936.0,101278.0
RBT,2027-01-01,74824.0,True,seasonal_naive,69346.0,82838.0,96885.5
RBT,2027-02-01,69122.0,True,seasonal_naive,63644.0,77136.0,91212.0
RBT,2027-03-01,61170.0,True,seasonal_naive,55734.0,69184.0,83260.0
RBT,2027-04-01,71172.0,True,seasonal_naive,65694.0,79186.0,93262.0
RBT,2027-05-01,72516.0,True,seasonal_naive,67038.0,80530.0,94606.0
RBT,2027-06-01,78436.0,True,seasonal_naive,72958.0,86386.0,100526.0
RBT,2027-07-01,84244.0,True,seasonal_naive,78766.0,92194.0,106334.0
RBT,2027-08-01,88702.0,True,seasonal_naive,83224.0,96652.0,110792.0
RBT,2027-09-01,87434.0,True,seasonal_naive,81956.0,95448.0,109524.0
REM,2019-04-01,37060.0,False,,,,
REM,2019-05-01,38758.0,False,,,,
REM,2019-06-01,40106.0,False,,,,
REM,2019-07-01,39422.0,False,,,,
REM,2019-08-01,41934.0,False,,,,
REM,2019-09-01,41676.0,False,,,,
REM,2019-10-01,99122.0,False,,,,
REM,2019-11-01,98840.0,False,,,,
REM,2019-12-01,99236.0,False,,,,
REM,2020-01-01,97514.0,False,,,,
REM,2020-02-01,98160.0,False,,,,
REM,2020-03-01,93180.0,False,,,,
REM,2020-04-01,84720.0,False,,,,
REM,2020-05-01,80654.0,False,,,,
REM,2020-06-01,79134.0,False,,,,
REM,2020-07-01,83604.0,False,,,,
REM,2020-08-01,85720.0,False,,,,
REM,2020-09-01,81942.0,False,,,,
REM,2020-10-01,86348.0,False,,,,
REM,2020-11-01,88376.0,False,,,,
REM,2020-12-01,90258.0,False,,,,
REM,2021-01-01,93300.0,False,,,,
REM,2021-02-01,96006.0,False,,,,
REM,2021-03-01,99306.0,False,,,,
REM,2021-04-01,104470.0,False,,,,
REM,2021-05-01,112446.0,False,,,,
REM,2021-06-01,117716.0,False,,,,
REM,2021-07-01,123960.0,False,,,,
REM,2021-08-01,129520.0,False,,,,
REM,2021-09-01,133854.0,False,,,,
REM,2021-10-01,140734.0,False,,,,
REM,2021-11-01,141916.0,False,,,,
REM,2021-12-01,140510.0,False,,,,
REM,2022-01-01,146074.0,False,,,,
REM,2022-02-01,148542.0,False,,,,
REM,2022-03-01,155644.0,False,,,,
REM,2022-04-01,161158.0,False,,,,
REM,2022-05-01,165254.0,False,,,,
REM,2022-06-01,167546.0,False,,,,
REM,2022-07-01,169334.0,False,,,,
REM,2022-08-01,173196.0,False,,,,
REM,2022-09-01,174088.0,False,,,,
REM,2022-10-01,176292.0,False,,,,
REM,2022-11-01,173164.0,False,,,,
REM,2022-12-01,172900.0,False,,,,
REM,2023-01-01,165218.0,False,,,,
REM,2023-02-01,158370.0,False,,,,
REM,2023-03-01,156360.0,False,,,,
REM,2023-04-01,157974.0,False,,,,
REM,2023-05-01,158538.0,False,,,,
REM,2023-06-01,157278.0,False,,,,
REM,2023-07-01,157484.0,False,,,,
REM,2023-08-01,160784.0,False,,,,
REM,2023-09-01,157976.0,False,,,,
REM,2023-10-01,156854.0,False,,,,
REM,2023-11-01,155922.0,False,,,,
REM,2023-12-01,155238.0,False,,,,
REM,2024-01-01,156070.0,False,,,,
REM,2024-02-01,156382.0,False,,,,
REM,2024-03-01,152404.0,False,,,,
REM,2024-04-01,153856.0,False,,,,
REM,2024-05-01,154038.0,False,,,,
REM,2024-06-01,154150.0,False,,,,
REM,2024-07-01,152428.0,False,,,,
REM,2024-08-01,152638.0,False,,,,
REM,2024-09-01,149828.0,False,,,,
REM,2024-10-01,142988.0,False,,,,
REM,2024-11-01,142846.0,False,,,,
REM,2024-12-01,144628.0,False,,,,
REM,2025-01-01,143496.0,False,,,,
REM,2025-02-01,142624.0,False,,,,
REM,2025-03-01,143656.0,False,,,,
REM,2025-04-01,142460.0,False,,,,
REM,2025-05-01,139330.0,False,,,,
REM,2025-06-01,138198.0,False,,,,
REM,2025-07-01,133674.0,False,,,,
REM,2025-08-01,135190.0,False,,,,
REM,2025-09-01,133170.0,False,,,,
REM,2025-10-01,132660.0,False,,,,
REM,2025-11-01,129258.0,False,,,,
REM,2025-12-01,127982.0,False,,,,
REM,2026-01-01,128162.0,False,,,,
REM,2026-02-01,125640.0,False,,,,
REM,2026-03-01,121300.0,False,,,,
REM,2026-04-01,142460.0,True,seasonal_naive,124798.0,138342.0,196000.0
REM,2026-05-01,139330.0,True,seasonal_naive,120576.0,135212.0,192870.0
REM,2026-06-01,138198.0,True,seasonal_naive,120536.0,134080.0,191738.0
REM,2026-07-01,133674.0,True,seasonal_naive,116012.0,129556.0,187214.0
REM,2026-08-01,135190.0,True,seasonal_naive,117528.0,131234.0,188730.0
REM,2026-09-01,133170.0,True,seasonal_naive,115508.0,129052.0,186710.0
REM,2026-10-01,132660.0,True,seasonal_naive,114998.0,128542.0,186200.0
REM,2026-11-01,129258.0,True,seasonal_naive,111596.0,125044.0,182798.0
REM,2026-12-01,127982.0,True,seasonal_naive,110320.0,123864.0,181522.0
REM,2027-01-01,128162.0,True,seasonal_naive,110500.0,124206.0,181702.0
REM,2027-02-01,125640.0,True,seasonal_naive,108192.0,121684.0,179180.0
REM,2027-03-01,121300.0,True,seasonal_naive,103638.0,117086.0,174108.0
REM,2027-04-01,142460.0,True,seasonal_naive,124798.0,138342.0,196000.0
REM,2027-05-01,139330.0,True,seasonal_naive,121668.0,136146.0,192870.0
REM,2027-06-01,138198.0,True,seasonal_naive,120536.0,134080.0,191738.0
REM,2027-07-01,133674.0,True,seasonal_naive,116012.0,129718.0,187214.0
REM,2027-08-01,135190.0,True,seasonal_naive,117742.0,131234.0,188730.0
REM,2027-09-01,133170.0,True,seasonal_naive,115508.0,128956.0,186710.0
REN,2019-04-01,960.0,False,,,,
REN,2019-05-01,810.0,False,,,,
REN,2019-06-01,906.0,False,,,,
REN,2019-07-01,1048.0,False,,,,
REN,2019-08-01,1064.0,False,,,,
REN,2019-09-01,984.0,False,,,,
REN,2019-10-01,800.0,False,,,,
REN,2019-11-01,916.0,False,,,,
REN,2019-12-01,960.0,False,,,,
REN,2020-01-01,966.0,False,,,,
REN,2020-02-01,1144.0,False,,,,
REN,2020-03-01,1198.0,False,,,,
REN,2020-04-01,934.0,False,,,,
REN,2020-05-01,660.0,False,,,,
REN,2020-06-01,688.0,False,,,,
REN,2020-07-01,788.0,False,,,,
REN,2020-08-01,858.0,False,,,,
REN,2020-09-01,916.0,False,,,,
REN,2020-10-01,670.0,False,,,,
REN,2020-11-01,1108.0,False,,,,
REN,2020-12-01,1256.0,False,,,,
REN,2021-01-01,1258.0,False,,,,
REN,2021-02-01,1232.0,False,,,,
REN,2021-03-01,1606.0,False,,,,
REN,2021-04-01,2196.0,False,,,,
REN,2021-05-01,1996.0,False,,,,
REN,2021-06-01,1548.0,False,,,,
REN,2021-07-01,1564.0,False,,,,
REN,2021-08-01,1696.0,False,,,,
REN,2021-09-01,1596.0,False,,,,
REN,2021-10-01,1440.0,False,,,,
REN,2021-11-01,1432.0,False,,,,
REN,2021-12-01,1400.0,False,,,,
REN,2022-01-01,1356.0,False,,,,
REN,2022-02-01,1620.0,False,,,,
REN,2022-03-01,1820.0,False,,,,
REN,2022-04-01,1810.0,False,,,,
REN,2022-05-01,1962.0,False,,,,
REN,2022-06-01,1890.0,False,,,,
REN,2022-07-01,1998.0,False,,,,
REN,2022-08-01,1850.0,False,,,,
REN,2022-09-01,1880.0,False,,,,
REN,2022-10-01,2050.0,False,,,,
REN,2022-11-01,2136.0,False,,,,
REN,2022-12-01,2128.0,False,,,,
REN,2023-01-01,1742.0,False,,,,
REN,2023-02-01,1860.0,False,,,,
REN,2023-03-01,2212.0,False,,,,
REN,2023-04-01,2156.0,False,,,,
REN,2023-05-01,1886.0,False,,,,
REN,2023-06-01,1986.0,False,,,,
REN,2023-07-01,1902.0,False,,,,
REN,2023-08-01,1882.0,False,,,,
REN,2023-09-01,2082.0,False,,,,
REN,2023-10-01,1870.0,False,,,,
REN,2023-11-01,2686.0,False,,,,
REN,2023-12-01,2980.0,False,,,,
REN,2024-01-01,1928.0,False,,,,
REN,2024-02-01,1872.0,False,,,,
REN,2024-03-01,2684.0,False,,,,
REN,2024-04-01,2682.0,False,,,,
REN,2024-05-01,2728.0,False,,,,
REN,2024-06-01,2478.0,False,,,,
REN,2024-07-01,2560.0,False,,,,
REN,2024-08-01,2496.0,False,,,,
REN,2024-09-01,2772.0,False,,,,
REN,2024-10-01,1842.0,False,,,,
REN,2024-11-01,2534.0,False,,,,
REN,2024-12-01,2268.0,False,,,,
REN,2025-01-01,1686.0,False,,,,
REN,2025-02-01,1966.0,False,,,,
REN,2025-03-01,2160.0,False,,,,
REN,2025-04-01,2030.0,False,,,,
REN,2025-05-01,2192.0,False,,,,
REN,2025-06-01,2226.0,False,,,,
REN,2025-07-01,2312.0,False,,,,
REN,2025-08-01,2246.0,False,,,,
REN,2025-09-01,1882.0,False,,,,
REN,2025-10-01,1982.0,False,,,,
REN,2025-11-01,1872.0,False,,,,
REN,2025-12-01,1726.0,False,,,,
REN,2026-01-01,1938.0,False,,,,
REN,2026-02-01,1538.0,False,,,,
REN,2026-03-01,1454.0,False,,,,
REN,2026-04-01,1619.9574310710516,True,auto_arima,1200.0995990513086,1654.8085217335004,2025.508495985904
REN,2026-05-01,1628.9593202641856,True,auto_arima,1207.9531408763403,1660.2170479938195,2034.510385179038
REN,2026-06-01,1592.8834763302516,True,auto_arima,1173.0256443105086,1627.7345669927004,1998.434541245104
REN,2026-07-01,1636.6563158544818,True,auto_arima,1216.7984838347388,1671.5074065169306,2042.2073807693341
REN,2026-08-01,1641.348087516005,True,auto_arima,1220.3419081281597,1656.8011077866556,2046.8991524308574
REN,2026-09-01,1502.830972949601,True,auto_arima,1082.973140929858,1534.0887006792348,1908.3820378644532
REN,2026-10-01,1599.6140963264324,True,auto_arima,1178.607916938587,1615.067116597083,2005.1651612412847
REN,2026-11-01,1535.8373727856012,True,auto_arima,1115.9795407658582,1567.0951005152351,1941.3884377004536
REN,2026-12-01,1521.8171728015072,True,auto_arima,1101.9593407817642,1553.074900531141,1927.3682377163595
REN,2027-01-01,1606.2047444092625,True,auto_arima,1186.3469123895195,1637.4624721388964,2011.7558093241148
REN,2027-02-01,1467.5693696753356,True,auto_arima,1046.5631902874902,1483.022389945986,1873.8459395406448
REN,2027-03-01,1445.0106080376506,True,auto_arima,1025.1527760179076,1479.8616987000994,1851.28717790296
REN,2027-04-01,1502.8524240882493,True,auto_arima,1082.9945920685063,1534.1101518178832,1908.4034890031016
REN,2027-05-01,1495.3083169763233,True,auto_arima,1074.302137588478,1518.6636909764657,1900.8593818911756
REN,2027-06-01,1475.8494127450508,True,auto_arima,1055.9915807253078,1499.204786745193,1882.12598261036
REN,2027-07-01,1484.0225065205664,True,auto_arima,1064.1646745008234,1515.2802342502002,1889.5735714354187
REN,2027-08-01,1489.0154476853133,True,auto_arima,1069.1576156655703,1522.0698568813546,1895.2920175506226
REN,2027-09-01,1484.5957266838582,True,auto_arima,1063.5895472960128,1519.446817346307,1890.8722965491675
REP,2019-04-01,11678.0,False,,,,
REP,2019-05-01,12126.0,False,,,,
REP,2019-06-01,12516.0,False,,,,
REP,2019-07-01,12658.0,False,,,,
REP,2019-08-01,12972.0,False,,,,
REP,2019-09-01,12936.0,False,,,,
REP,2019-10-01,12966.0,False,,,,
REP,2019-11-01,12646.0,False,,,,
REP,2019-12-01,12274.0,False,,,,
REP,2020-01-01,12734.0,False,,,,
REP,2020-02-01,12854.0,False,,,,
REP,2020-03-01,13114.0,False,,,,
REP,2020-04-01,13120.0,False,,,,
REP,2020-05-01,13328.0,False,,,,
REP,2020-06-01,13284.0,False,,,,
REP,2020-07-01,14594.0,False,,,,
REP,2020-08-01,15810.0,False,,,,
REP,2020-09-01,16550.0,False,,,,
REP,2020-10-01,15944.0,False,,,,
REP,2020-11-01,15840.0,False,,,,
REP,2020-12-01,17036.0,False,,,,
REP,2021-01-01,17868.0,False,,,,
REP,2021-02-01,17962.0,False,,,,
REP,2021-03-01,19102.0,False,,,,
REP,2021-04-01,21768.0,False,,,,
REP,2021-05-01,22396.0,False,,,,
REP,2021-06-01,23218.0,False,,,,
REP,2021-07-01,23564.0,False,,,,
REP,2021-08-01,23754.0,False,,,,
REP,2021-09-01,24778.0,False,,,,
REP,2021-10-01,24916.0,False,,,,
REP,2021-11-01,25472.0,False,,,,
REP,2021-12-01,26034.0,False,,,,
REP,2022-01-01,26962.0,False,,,,
REP,2022-02-01,27890.0,False,,,,
REP,2022-03-01,28922.0,False,,,,
REP,2022-04-01,30054.0,False,,,,
REP,2022-05-01,31106.0,False,,,,
REP,2022-06-01,32410.0,False,,,,
REP,2022-07-01,33118.0,False,,,,
REP,2022-08-01,34362.0,False,,,,
REP,2022-09-01,35354.0,False,,,,
REP,2022-10-01,35906.0,False,,,,
REP,2022-11-01,35824.0,False,,,,
REP,2022-12-01,36192.0,False,,,,
REP,2023-01-01,36064.0,False,,,,
REP,2023-02-01,35916.0,False,,,,
REP,2023-03-01,35374.0,False,,,,
REP,2023-04-01,35434.0,False,,,,
REP,2023-05-01,35820.0,False,,,,
REP,2023-06-01,34182.0,False,,,,
REP,2023-07-01,37418.0,False,,,,
REP,2023-08-01,40176.0,False,,,,
REP,2023-09-01,40676.0,False,,,,
REP,2023-10-01,41962.0,False,,,,
REP,2023-11-01,41468.0,False,,,,
REP,2023-12-01,39752.0,False,,,,
REP,2024-01-01,38250.0,False,,,,
REP,2024-02-01,39086.0,False,,,,
REP,2024-03-01,37446.0,False,,,,
REP,2024-04-01,36858.0,False,,,,
REP,2024-05-01,37308.0,False,,,,
REP,2024-06-01,36060.0,False,,,,
REP,2024-07-01,34086.0,False,,,,
REP,2024-08-01,33640.0,False,,,,
REP,2024-09-01,33342.0,False,,,,
REP,2024-10-01,32828.0,False,,,,
REP,2024-11-01,33260.0,False,,,,
REP,2024-12-01,33998.0,False,,,,
REP,2025-01-01,33988.0,False,,,,
REP,2025-02-01,33548.0,False,,,,
REP,2025-03-01,33332.0,False,,,,
REP,2025-04-01,33754.0,False,,,,
REP,2025-05-01,32742.0,False,,,,
REP,2025-06-01,33074.0,False,,,,
REP,2025-07-01,33308.0,False,,,,
REP,2025-08-01,33662.0,False,,,,
REP,2025-09-01,34628.0,False,,,,
REP,2025-10-01,31258.0,False,,,,
REP,2025-11-01,28960.0,False,,,,
REP,2025-12-01,28756.0,False,,,,
REP,2026-01-01,27392.0,False,,,,
REP,2026-02-01,26744.0,False,,,,
REP,2026-03-01,23720.0,False,,,,
REP,2026-04-01,22957.431701877773,True,holt_winters,21248.821158084625,22951.14162069778,24554.75195560667
REP,2026-05-01,22026.586431938937,True,holt_winters,20317.97588814579,22020.296350758945,23268.475802151916
REP,2026-06-01,20785.742060264845,True,holt_winters,19077.131516471698,20779.506663968205,22383.06231399374
REP,2026-07-01,20122.850136877383,True,holt_winters,18414.239593084236,20038.679633643198,21364.739507090362
REP,2026-08-01,19671.501549299923,True,holt_winters,17962.891005506775,19658.278672752564,20913.3909195129
REP,2026-09-01,18960.11766081847,True,holt_winters,17251.50711702532,18946.89478427111,20111.80092946234
REP,2026-10-01,17268.376063223976,True,holt_winters,15474.346849739995,17255.153186676616,18510.265433436954
REP,2026-11-01,15627.166741454992,True,holt_winters,13833.137527971012,15620.876660275,16869.05611166797
REP,2026-12-01,14432.884357517922,True,holt_winters,12724.273813724774,14436.45066879595,16030.204611246818
REP,2027-01-01,13169.990638563415,True,holt_winters,11461.380094770268,13163.700557383423,14411.880008776394
REP,2027-02-01,12184.801636893448,True,holt_winters,10390.772423409468,12171.578760346089,13426.691007106427
REP,2027-03-01,10612.595945074016,True,holt_winters,8818.566731590035,10602.83946621034,11854.485315286995
REP,2027-04-01,9850.027620218667,True,holt_winters,8141.41707642552,9843.737539038675,11091.916990431646
REP,2027-05-01,8919.18235027983,True,holt_winters,7210.571806486683,8905.959473732471,10161.07172049281
REP,2027-06-01,7678.337978605742,True,holt_winters,5969.727434812595,7672.04789742575,9275.658232334637
REP,2027-07-01,7015.446055218278,True,holt_winters,5306.835511425131,7002.223178670919,8257.335425431258
REP,2027-08-01,6564.0974676408205,True,holt_winters,4770.06825415684,6550.874591093461,8161.417721369717
REP,2027-09-01,5852.713579159363,True,holt_winters,4144.103035366215,5839.490702612004,7094.602949372342
RET,2019-04-01,22634.0,False,,,,
RET,2019-05-01,24156.0,False,,,,
RET,2019-06-01,24518.0,False,,,,
RET,2019-07-01,24788.0,False,,,,
RET,2019-08-01,25384.0,False,,,,
RET,2019-09-01,25378.0,False,,,,
RET,2019-10-01,25608.0,False,,,,
RET,2019-11-01,24030.0,False,,,,
RET,2019-12-01,22726.0,False,,,,
RET,2020-01-01,23258.0,False,,,,
RET,2020-02-01,23260.0,False,,,,
RET,2020-03-01,23890.0,False,,,,
RET,2020-04-01,24612.0,False,,,,
RET,2020-05-01,25358.0,False,,,,
RET,2020-06-01,25058.0,False,,,,
RET,2020-07-01,24966.0,False,,,,
RET,2020-08-01,24616.0,False,,,,
RET,2020-09-01,24504.0,False,,,,
RET,2020-10-01,24138.0,False,,,,
RET,2020-11-01,23124.0,False,,,,
RET,2020-12-01,23906.0,False,,,,
RET,2021-01-01,23402.0,False,,,,
RET,2021-02-01,22508.0,False,,,,
RET,2021-03-01,23594.0,False,,,,
RET,2021-04-01,23612.0,False,,,,
RET,2021-05-01,24308.0,False,,,,
RET,2021-06-01,24508.0,False,,,,
RET,2021-07-01,24902.0,False,,,,
RET,2021-08-01,26682.0,False,,,,
RET,2021-09-01,25070.0,False,,,,
RET,2021-10-01,25092.0,False,,,,
RET,2021-11-01,24098.0,False,,,,
RET,2021-12-01,25436.0,False,,,,
RET,2022-01-01,24232.0,False,,,,
RET,2022-02-01,25114.0,False,,,,
RET,2022-03-01,24672.0,False,,,,
RET,2022-04-01,27604.0,False,,,,
RET,2022-05-01,28332.0,False,,,,
RET,2022-06-01,27682.0,False,,,,
RET,2022-07-01,28598.0,False,,,,
RET,2022-08-01,29792.0,False,,,,
RET,2022-09-01,30122.0,False,,,,
RET,2022-10-01,30218.0,False,,,,
RET,2022-11-01,30700.0,False,,,,
RET,2022-12-01,30314.0,False,,,,
RET,2023-01-01,29046.0,False,,,,
RET,2023-02-01,29748.0,False,,,,
RET,2023-03-01,31494.0,False,,,,
RET,2023-04-01,32480.0,False,,,,
RET,2023-05-01,33042.0,False,,,,
RET,2023-06-01,33722.0,False,,,,
RET,2023-07-01,34654.0,False,,,,
RET,2023-08-01,36900.0,False,,,,
RET,2023-09-01,37568.0,False,,,,
RET,2023-10-01,38694.0,False,,,,
RET,2023-11-01,38638.0,False,,,,
RET,2023-12-01,39114.0,False,,,,
RET,2024-01-01,38290.0,False,,,,
RET,2024-02-01,38582.0,False,,,,
RET,2024-03-01,39508.0,False,,,,
RET,2024-04-01,41214.0,False,,,,
RET,2024-05-01,42204.0,False,,,,
RET,2024-06-01,41782.0,False,,,,
RET,2024-07-01,40598.0,False,,,,
RET,2024-08-01,41572.0,False,,,,
RET,2024-09-01,41492.0,False,,,,
RET,2024-10-01,40770.0,False,,,,
RET,2024-11-01,39504.0,False,,,,
RET,2024-12-01,39258.0,False,,,,
RET,2025-01-01,38486.0,False,,,,
RET,2025-02-01,37216.0,False,,,,
RET,2025-03-01,35596.0,False,,,,
RET,2025-04-01,35658.0,False,,,,
RET,2025-05-01,35760.0,False,,,,
RET,2025-06-01,35538.0,False,,,,
RET,2025-07-01,35654.0,False,,,,
RET,2025-08-01,36938.0,False,,,,
RET,2025-09-01,36378.0,False,,,,
RET,2025-10-01,35924.0,False,,,,
RET,2025-11-01,34920.0,False,,,,
RET,2025-12-01,34662.0,False,,,,
RET,2026-01-01,32854.0,False,,,,
RET,2026-02-01,32266.0,False,,,,
RET,2026-03-01,30920.0,False,,,,
RET,2026-04-01,31587.28740982876,True,auto_arima,30182.245512357975,31546.46675043849,33282.594903745674
RET,2026-05-01,31738.108231393333,True,auto_arima,30333.066333922547,31681.630656240024,33199.47884899469
RET,2026-06-01,31578.060608114603,True,auto_arima,30154.01888023079,31537.23994872433,33091.73041802255
RET,2026-07-01,31572.5286995126,True,auto_arima,30148.486971628787,31575.94818512789,33086.198509420545
RET,2026-08-01,32077.276910881257,True,auto_arima,30672.23501341047,32023.710200055888,33590.9467207892
RET,2026-09-01,31953.83460834448,True,auto_arima,30529.792880460667,31900.267897519112,33467.50441825243
RET,2026-10-01,31918.973692254753,True,auto_arima,30494.93196437094,31865.406981429383,33432.6435021627
RET,2026-11-01,31546.440738795965,True,auto_arima,30122.39901091215,31487.052299314717,33060.11054870391
RET,2026-12-01,31574.381886162624,True,auto_arima,30169.339988691838,31561.449966279757,33269.68938007954
RET,2027-01-01,31149.365496526698,True,auto_arima,29744.32359905591,31108.544837136425,32663.035306434642
RET,2027-02-01,31097.67125977182,True,auto_arima,29692.629362301035,31044.104548946452,32611.341069679765
RET,2027-03-01,31151.31940696048,True,auto_arima,29746.277509489693,31091.93096747923,32664.989216868424
RET,2027-04-01,32044.35185424222,True,auto_arima,30620.310126358407,32003.53119485195,33558.02166415016
RET,2027-05-01,32356.579988461173,True,auto_arima,30990.760046205134,32303.013277635804,33870.249798369114
RET,2027-06-01,32314.253334618872,True,auto_arima,30948.433392362833,32301.321414736005,33827.923144526816
RET,2027-07-01,32381.919648507344,True,auto_arima,30976.877751036558,32341.098989117072,33895.589458415285
RET,2027-08-01,32912.64261449132,True,auto_arima,31507.600717020534,32899.71069460845,34607.95010840824
RET,2027-09-01,32826.285215063865,True,auto_arima,31421.24331759308,32766.896775582616,34339.95502497181
RJN,2019-04-01,15564.0,False,,,,
RJN,2019-05-01,15188.0,False,,,,
RJN,2019-06-01,14720.0,False,,,,
RJN,2019-07-01,14544.0,False,,,,
RJN,2019-08-01,14604.0,False,,,,
RJN,2019-09-01,14076.0,False,,,,
RJN,2019-10-01,13984.0,False,,,,
RJN,2019-11-01,13682.0,False,,,,
RJN,2019-12-01,13468.0,False,,,,
RJN,2020-01-01,13364.0,False,,,,
RJN,2020-02-01,14256.0,False,,,,
RJN,2020-03-01,14154.0,False,,,,
RJN,2020-04-01,14596.0,False,,,,
RJN,2020-05-01,14648.0,False,,,,
RJN,2020-06-01,15210.0,False,,,,
RJN,2020-07-01,15822.0,False,,,,
RJN,2020-08-01,17316.0,False,,,,
RJN,2020-09-01,18406.0,False,,,,
RJN,2020-10-01,18536.0,False,,,,
RJN,2020-11-01,19472.0,False,,,,
RJN,2020-12-01,19574.0,False,,,,
RJN,2021-01-01,19394.0,False,,,,
RJN,2021-02-01,19550.0,False,,,,
RJN,2021-03-01,20008.0,False,,,,
RJN,2021-04-01,20060.0,False,,,,
RJN,2021-05-01,19346.0,False,,,,
RJN,2021-06-01,18660.0,False,,,,
RJN,2021-07-01,18244.0,False,,,,
RJN,2021-08-01,17590.0,False,,,,
RJN,2021-09-01,17700.0,False,,,,
RJN,2021-10-01,17860.0,False,,,,
RJN,2021-11-01,17792.0,False,,,,
RJN,2021-12-01,18214.0,False,,,,
RJN,2022-01-01,17714.0,False,,,,
RJN,2022-02-01,16992.0,False,,,,
RJN,2022-03-01,17230.0,False,,,,
RJN,2022-04-01,17252.0,False,,,,
RJN,2022-05-01,17660.0,False,,,,
RJN,2022-06-01,18604.0,False,,,,
RJN,2022-07-01,20910.0,False,,,,
RJN,2022-08-01,19482.0,False,,,,
RJN,2022-09-01,19528.0,False,,,,
RJN,2022-10-01,20630.0,False,,,,
RJN,2022-11-01,21436.0,False,,,,
RJN,2022-12-01,21796.0,False,,,,
RJN,2023-01-01,22402.0,False,,,,
RJN,2023-02-01,23462.0,False,,,,
RJN,2023-03-01,24582.0,False,,,,
RJN,2023-04-01,24480.0,False,,,,
RJN,2023-05-01,25178.0,False,,,,
RJN,2023-06-01,25756.0,False,,,,
RJN,2023-07-01,26680.0,False,,,,
RJN,2023-08-01,27210.0,False,,,,
RJN,2023-09-01,27368.0,False,,,,
RJN,2023-10-01,26780.0,False,,,,
RJN,2023-11-01,26954.0,False,,,,
RJN,2023-12-01,26366.0,False,,,,
RJN,2024-01-01,25768.0,False,,,,
RJN,2024-02-01,26176.0,False,,,,
RJN,2024-03-01,26372.0,False,,,,
RJN,2024-04-01,25350.0,False,,,,
RJN,2024-05-01,24954.0,False,,,,
RJN,2024-06-01,25024.0,False,,,,
RJN,2024-07-01,24914.0,False,,,,
RJN,2024-08-01,24652.0,False,,,,
RJN,2024-09-01,24894.0,False,,,,
RJN,2024-10-01,24818.0,False,,,,
RJN,2024-11-01,25522.0,False,,,,
RJN,2024-12-01,25760.0,False,,,,
RJN,2025-01-01,25870.0,False,,,,
RJN,2025-02-01,25938.0,False,,,,
RJN,2025-03-01,27070.0,False,,,,
RJN,2025-04-01,27082.0,False,,,,
RJN,2025-05-01,26864.0,False,,,,
RJN,2025-06-01,28262.0,False,,,,
RJN,2025-07-01,33958.0,False,,,,
RJN,2025-08-01,36496.0,False,,,,
RJN,2025-09-01,38682.0,False,,,,
RJN,2025-10-01,41578.0,False,,,,
RJN,2025-11-01,38840.0,False,,,,
RJN,2025-12-01,38334.0,False,,,,
RJN,2026-01-01,39610.0,False,,,,
RJN,2026-02-01,38918.0,False,,,,
RJN,2026-03-01,32538.0,False,,,,
RJN,2026-04-01,33396.9236947791,True,linear_trend,29706.79236610306,32947.919570719845,40121.57365596841
RJN,2026-05-01,33653.238425972784,True,linear_trend,29963.107097296746,33306.975377138806,39686.94419358105
RJN,2026-06-01,33909.55315716647,True,linear_trend,30196.09150551787,33377.60483952617,39943.25892477473
RJN,2026-07-01,34165.867888360146,True,linear_trend,30475.73655968411,33819.60483952616,40890.517849549455
RJN,2026-08-01,34422.18261955383,True,linear_trend,30708.720967905232,33973.178495494576,40455.88838716209
RJN,2026-09-01,34678.497350747515,True,linear_trend,30988.366022071477,34332.23430191353,40712.20311835578
RJN,2026-10-01,34934.81208194119,True,linear_trend,31221.350430292594,34588.54903310721,40968.517849549455
RJN,2026-11-01,35191.12681313488,True,linear_trend,31500.99548445884,34742.12268907562,41224.83258074314
RJN,2026-12-01,35447.44154432856,True,linear_trend,31733.979892679963,35227.5133340083,42172.09150551787
RJN,2027-01-01,35703.75627552224,True,linear_trend,32013.6249468462,35357.49322668825,41737.4620431305
RJN,2027-02-01,35960.07100671592,True,linear_trend,32269.939678039886,35511.06688265667,41993.776774324186
RJN,2027-03-01,36216.38573790961,True,linear_trend,32526.25440923357,35870.12268907562,42250.09150551787
RJN,2027-04-01,36472.700469103285,True,linear_trend,32782.56914042725,36126.4374202693,42506.40623671155
RJN,2027-05-01,36729.01520029697,True,linear_trend,33015.55354864837,36197.06688265667,42762.72096790523
RJN,2027-06-01,36985.329931490654,True,linear_trend,33295.19860281462,36453.38161385035,43019.03569909892
RJN,2027-07-01,37241.64466268434,True,linear_trend,33559.045505720365,36996.75215146299,43966.29462387365
RJN,2027-08-01,37497.959393878016,True,linear_trend,33807.828065201975,36966.011076237715,44222.609355067325
RJN,2027-09-01,37754.2741250717,True,linear_trend,34040.8124734231,37408.011076237715,44478.92408626101
RJR,2019-04-01,45150.0,False,,,,
RJR,2019-05-01,46598.0,False,,,,
RJR,2019-06-01,45900.0,False,,,,
RJR,2019-07-01,46454.0,False,,,,
RJR,2019-08-01,45830.0,False,,,,
RJR,2019-09-01,46286.0,False,,,,
RJR,2019-10-01,47262.0,False,,,,
RJR,2019-11-01,45266.0,False,,,,
RJR,2019-12-01,40166.0,False,,,,
RJR,2020-01-01,40202.0,False,,,,
RJR,2020-02-01,41546.0,False,,,,
RJR,2020-03-01,47558.0,False,,,,
RJR,2020-04-01,48894.0,False,,,,
RJR,2020-05-01,49220.0,False,,,,
RJR,2020-06-01,50526.0,False,,,,
RJR,2020-07-01,53106.0,False,,,,
RJR,2020-08-01,55006.0,False,,,,
RJR,2020-09-01,56782.0,False,,,,
RJR,2020-10-01,56128.0,False,,,,
RJR,2020-11-01,56870.0,False,,,,
RJR,2020-12-01,56328.0,False,,,,
RJR,2021-01-01,58296.0,False,,,,
RJR,2021-02-01,59754.0,False,,,,
RJR,2021-03-01,55560.0,False,,,,
RJR,2021-04-01,55248.0,False,,,,
RJR,2021-05-01,55408.0,False,,,,
RJR,2021-06-01,54252.0,False,,,,
RJR,2021-07-01,55034.0,False,,,,
RJR,2021-08-01,60188.0,False,,,,
RJR,2021-09-01,65342.0,False,,,,
RJR,2021-10-01,70496.0,False,,,,
RJR,2021-11-01,72280.0,False,,,,
RJR,2021-12-01,75890.0,False,,,,
RJR,2022-01-01,88202.0,False,,,,
RJR,2022-02-01,90784.0,False,,,,
RJR,2022-03-01,90964.0,False,,,,
RJR,2022-04-01,89684.0,False,,,,
RJR,2022-05-01,90624.0,False,,,,
RJR,2022-06-01,90180.0,False,,,,
RJR,2022-07-01,89654.0,False,,,,
RJR,2022-08-01,90258.0,False,,,,
RJR,2022-09-01,90982.0,False,,,,
RJR,2022-10-01,88854.0,False,,,,
RJR,2022-11-01,85982.0,False,,,,
RJR,2022-12-01,82824.0,False,,,,
RJR,2023-01-01,80118.0,False,,,,
RJR,2023-02-01,78770.0,False,,,,
RJR,2023-03-01,78394.0,False,,,,
RJR,2023-04-01,78306.0,False,,,,
RJR,2023-05-01,76784.0,False,,,,
RJR,2023-06-01,74618.0,False,,,,
RJR,2023-07-01,76630.0,False,,,,
RJR,2023-08-01,76614.0,False,,,,
RJR,2023-09-01,76342.0,False,,,,
RJR,2023-10-01,73526.0,False,,,,
RJR,2023-11-01,69746.0,False,,,,
RJR,2023-12-01,69798.0,False,,,,
RJR,2024-01-01,67734.0,False,,,,
RJR,2024-02-01,66416.0,False,,,,
RJR,2024-03-01,65772.0,False,,,,
RJR,2024-04-01,66364.0,False,,,,
RJR,2024-05-01,66956.0,False,,,,
RJR,2024-06-01,69034.0,False,,,,
RJR,2024-07-01,70332.0,False,,,,
RJR,2024-08-01,72978.0,False,,,,
RJR,2024-09-01,72714.0,False,,,,
RJR,2024-10-01,75102.0,False,,,,
RJR,2024-11-01,75282.0,False,,,,
RJR,2024-12-01,74144.0,False,,,,
RJR,2025-01-01,73642.0,False,,,,
RJR,2025-02-01,75212.0,False,,,,
RJR,2025-03-01,76698.0,False,,,,
RJR,2025-04-01,76052.0,False,,,,
RJR,2025-05-01,74360.0,False,,,,
RJR,2025-06-01,75528.0,False,,,,
RJR,2025-07-01,77072.0,False,,,,
RJR,2025-08-01,76112.0,False,,,,
RJR,2025-09-01,75142.0,False,,,,
RJR,2025-10-01,73452.0,False,,,,
RJR,2025-11-01,70144.0,False,,,,
RJR,2025-12-01,67842.0,False,,,,
RJR,2026-01-01,65994.0,False,,,,
RJR,2026-02-01,65676.0,False,,,,
RJR,2026-03-01,61206.0,False,,,,
RJR,2026-04-01,60520.37518266635,True,auto_arima,57453.57505509928,60466.61211746934,65000.135134370794
RJR,2026-05-01,60520.37518266635,True,auto_arima,57121.16822180602,60581.968192828994,64904.49294820612
RJR,2026-06-01,60520.37518266635,True,auto_arima,57168.36879831237,60480.3773940758,64904.49294820612
RJR,2026-07-01,60520.37518266635,True,auto_arima,56224.35726818541,60581.968192828994,65526.38808564214
RJR,2026-08-01,60520.37518266635,True,auto_arima,56224.35726818541,60466.61211746934,65526.38808564214
RJR,2026-09-01,60520.37518266635,True,auto_arima,57168.36879831237,60480.3773940758,65000.135134370794
RJR,2026-10-01,60520.37518266635,True,auto_arima,57168.36879831237,60625.01814904924,65000.135134370794
RJR,2026-11-01,60520.37518266635,True,auto_arima,57168.36879831237,60480.3773940758,65000.135134370794
RJR,2026-12-01,60520.37518266635,True,auto_arima,57168.36879831237,60625.01814904924,65000.135134370794
RJR,2027-01-01,60520.37518266635,True,auto_arima,56224.35726818541,60625.01814904924,65000.135134370794
RJR,2027-02-01,60520.37518266635,True,auto_arima,57168.36879831237,60480.3773940758,65000.135134370794
RJR,2027-03-01,60520.37518266635,True,auto_arima,57168.36879831237,60480.3773940758,65000.135134370794
RJR,2027-04-01,60520.37518266635,True,auto_arima,57168.36879831237,60480.3773940758,65526.38808564214
RJR,2027-05-01,60520.37518266635,True,auto_arima,57168.36879831237,60480.3773940758,65000.135134370794
RJR,2027-06-01,60520.37518266635,True,auto_arima,57168.36879831237,60480.3773940758,64909.27505751435
RJR,2027-07-01,60520.37518266635,True,auto_arima,56224.35726818541,60480.3773940758,65000.135134370794
RJR,2027-08-01,60520.37518266635,True,auto_arima,56224.35726818541,60581.968192828994,65000.135134370794
RJR,2027-09-01,60520.37518266635,True,auto_arima,57121.16822180602,60581.968192828994,65000.135134370794
RWW,2019-04-01,38162.0,False,,,,
RWW,2019-05-01,39790.0,False,,,,
RWW,2019-06-01,39696.0,False,,,,
RWW,2019-07-01,38918.0,False,,,,
RWW,2019-08-01,39110.0,False,,,,
RWW,2019-09-01,39816.0,False,,,,
RWW,2019-10-01,40482.0,False,,,,
RWW,2019-11-01,40056.0,False,,,,
RWW,2019-12-01,39130.0,False,,,,
RWW,2020-01-01,38606.0,False,,,,
RWW,2020-02-01,39328.0,False,,,,
RWW,2020-03-01,38622.0,False,,,,
RWW,2020-04-01,33722.0,False,,,,
RWW,2020-05-01,31602.0,False,,,,
RWW,2020-06-01,31132.0,False,,,,
RWW,2020-07-01,31534.0,False,,,,
RWW,2020-08-01,33268.0,False,,,,
RWW,2020-09-01,34224.0,False,,,,
RWW,2020-10-01,36746.0,False,,,,
RWW,2020-11-01,38902.0,False,,,,
RWW,2020-12-01,40380.0,False,,,,
RWW,2021-01-01,40170.0,False,,,,
RWW,2021-02-01,40946.0,False,,,,
RWW,2021-03-01,40542.0,False,,,,
RWW,2021-04-01,39964.0,False,,,,
RWW,2021-05-01,40598.0,False,,,,
RWW,2021-06-01,40974.0,False,,,,
RWW,2021-07-01,42382.0,False,,,,
RWW,2021-08-01,42766.0,False,,,,
RWW,2021-09-01,44214.0,False,,,,
RWW,2021-10-01,44652.0,False,,,,
RWW,2021-11-01,44256.0,False,,,,
RWW,2021-12-01,45278.0,False,,,,
RWW,2022-01-01,45896.0,False,,,,
RWW,2022-02-01,47218.0,False,,,,
RWW,2022-03-01,46678.0,False,,,,
RWW,2022-04-01,47526.0,False,,,,
RWW,2022-05-01,49032.0,False,,,,
RWW,2022-06-01,48536.0,False,,,,
RWW,2022-07-01,50402.0,False,,,,
RWW,2022-08-01,53950.0,False,,,,
RWW,2022-09-01,54652.0,False,,,,
RWW,2022-10-01,57110.0,False,,,,
RWW,2022-11-01,58140.0,False,,,,
RWW,2022-12-01,58088.0,False,,,,
RWW,2023-01-01,59232.0,False,,,,
RWW,2023-02-01,59244.0,False,,,,
RWW,2023-03-01,60900.0,False,,,,
RWW,2023-04-01,62822.0,False,,,,
RWW,2023-05-01,62822.0,False,,,,
RWW,2023-06-01,64094.0,False,,,,
RWW,2023-07-01,64454.0,False,,,,
RWW,2023-08-01,66834.0,False,,,,
RWW,2023-09-01,66940.0,False,,,,
RWW,2023-10-01,66716.0,False,,,,
RWW,2023-11-01,66080.0,False,,,,
RWW,2023-12-01,68128.0,False,,,,
RWW,2024-01-01,66542.0,False,,,,
RWW,2024-02-01,73382.0,False,,,,
RWW,2024-03-01,72688.0,False,,,,
RWW,2024-04-01,72496.0,False,,,,
RWW,2024-05-01,72950.0,False,,,,
RWW,2024-06-01,72282.0,False,,,,
RWW,2024-07-01,72792.0,False,,,,
RWW,2024-08-01,70746.0,False,,,,
RWW,2024-09-01,70130.0,False,,,,
RWW,2024-10-01,69348.0,False,,,,
RWW,2024-11-01,68274.0,False,,,,
RWW,2024-12-01,67212.0,False,,,,
RWW,2025-01-01,67554.0,False,,,,
RWW,2025-02-01,68892.0,False,,,,
RWW,2025-03-01,69496.0,False,,,,
RWW,2025-04-01,68952.0,False,,,,
RWW,2025-05-01,66230.0,False,,,,
RWW,2025-06-01,65122.0,False,,,,
RWW,2025-07-01,66668.0,False,,,,
RWW,2025-08-01,65038.0,False,,,,
RWW,2025-09-01,64964.0,False,,,,
RWW,2025-10-01,65508.0,False,,,,
RWW,2025-11-01,65226.0,False,,,,
RWW,2025-12-01,66378.0,False,,,,
RWW,2026-01-01,66538.0,False,,,,
RWW,2026-02-01,67422.0,False,,,,
RWW,2026-03-01,66264.0,False,,,,
RWW,2026-04-01,65065.0486163954,True,holt_winters,63053.665978533136,64985.95042842711,67146.94411577149
RWW,2026-05-01,64487.8571052327,True,holt_winters,62530.29889096577,64408.758917264415,66569.7526046088
RWW,2026-06-01,63911.05039790414,True,holt_winters,61899.66776004188,63831.95220993585,65992.94589728024
RWW,2026-07-01,64225.57221712663,True,holt_winters,62214.18957926437,64122.19007684566,66307.46771650272
RWW,2026-08-01,64485.68349500902,True,holt_winters,62163.61977388247,64382.30135472805,66790.92576470088
RWW,2026-09-01,64556.72161953142,True,holt_winters,62234.65789840487,64483.67653314026,66861.96388922328
RWW,2026-10-01,64839.67971407757,True,holt_winters,62517.61599295102,64772.68772926354,66921.57521345366
RWW,2026-11-01,64434.94687822681,True,holt_winters,62112.88315710026,64355.84869025852,66516.84237760291
RWW,2026-12-01,64543.098909575034,True,holt_winters,62531.71627171277,64439.716769294064,66636.1617474669
RWW,2027-01-01,64051.047184175164,True,holt_winters,62039.6645463129,63971.94899620688,66132.94268355126
RWW,2027-02-01,65240.905089270884,True,holt_winters,63229.52245140862,65173.91310445686,67333.96792716275
RWW,2027-03-01,64598.23687481854,True,holt_winters,62276.17315369199,64506.996710693915,66680.13237419463
RWW,2027-04-01,63399.28548251223,True,holt_winters,61387.902844649965,63332.2934976982,65481.18098188832
RWW,2027-05-01,62822.09397134953,True,holt_winters,60500.03025022298,62755.101986535505,64903.989470725624
RWW,2027-06-01,62245.28726402097,True,holt_winters,59923.22354289442,62166.18907605268,64327.18276339706
RWW,2027-07-01,62559.80908324346,True,holt_winters,60548.4264453812,62480.71089527517,64641.70458261955
RWW,2027-08-01,62819.92036112585,True,holt_winters,60808.53772326359,62740.82217315756,64901.81586050194
RWW,2027-09-01,62890.958485648254,True,holt_winters,60879.57584778599,62787.576345367284,64972.85398502435
