provider_org_code,treatment_function_code,n_months,cluster,pressure_index_0_100,rtt_growth,rtt_over18_share,rtt_over52_share,dm01_breach,ae_pressure,kh03_occupancy,cluster_mean_pressure,cluster_size
RBL,C_100,84,1,38.620574562402815,-0.6053593501677555,0.20481190476190475,0.015873162555268397,0.08845238095238095,0.3312833333333333,0.8881857142857144,54.271483523564385,135
RBL,C_101,84,1,54.73232523094019,0.028400780107264777,0.3420130952380952,0.03429903413549379,0.08845238095238095,0.3312833333333333,0.8881857142857144,54.271483523564385,135
RBL,C_110,84,1,59.40509167655982,-0.04676018312008449,0.42250952380952383,0.03286649054775005,0.08845238095238095,0.3312833333333333,0.8881857142857144,54.271483523564385,135
RBL,C_120,84,1,56.20480627405835,0.9912042659784422,0.3605083333333333,0.028623951384193904,0.08845238095238095,0.3312833333333333,0.8881857142857144,54.271483523564385,135
RBL,C_130,84,1,54.956070399283696,0.1382144866950719,0.3853845238095238,0.02312918336053133,0.08845238095238095,0.3312833333333333,0.8881857142857144,54.271483523564385,135
RBL,C_140,84,1,63.92276544631115,0.17936259310168456,0.42865476190476187,0.04700165765005987,0.08845238095238095,0.3312833333333333,0.8881857142857144,54.271483523564385,135
RBL,C_300,81,1,44.51992132836482,1.5805523590333719,0.20914556962025319,0.015026863263524756,0.08907160493827161,0.3302037037037037,0.8866999999999999,54.271483523564385,135
RBL,C_301,84,1,53.76349566100259,0.8675851175851176,0.37054166666666666,0.014294422723269676,0.08845238095238095,0.3312833333333333,0.8881857142857144,54.271483523564385,135
RBL,C_320,84,1,49.16687652144716,0.718441289559302,0.3284142857142857,0.006426773057160922,0.08845238095238095,0.3312833333333333,0.8881857142857144,54.271483523564385,135
RBL,C_330,84,1,48.85229421240501,0.25258482597932136,0.3449190476190476,0.006322922185880335,0.08845238095238095,0.3312833333333333,0.8881857142857144,54.271483523564385,135
RBL,C_340,84,1,51.59379709241205,1.3964877948295398,0.36369523809523807,0.003836706810648227,0.08845238095238095,0.3312833333333333,0.8881857142857144,54.271483523564385,135
RBL,C_410,84,1,46.06222494034129,-0.07589727285572982,0.31579761904761905,0.007935485177093119,0.08845238095238095,0.3312833333333333,0.8881857142857144,54.271483523564385,135
RBL,C_430,84,1,31.88533534793923,0.14364330637915543,0.10805714285714287,0.0003732769212278313,0.08845238095238095,0.3312833333333333,0.8881857142857144,54.271483523564385,135
RBL,C_502,84,1,66.63199066246158,0.9467958512076158,0.4468309523809524,0.05928828431779941,0.08845238095238095,0.3312833333333333,0.8881857142857144,54.271483523564385,135
RBL,C_999,84,1,54.72303166208983,0.3332929005407212,0.35935595238095236,0.025830413471933805,0.08845238095238095,0.3312833333333333,0.8881857142857144,54.271483523564385,135
RBL,X01,24,0,19.509149668429448,-0.2698170043774539,0.22217083333333332,0.005211078147282871,0.09573750000000002,0.2241375,0.819,17.323822779906603,31
RBL,X02,60,1,51.42911105514984,1.165934771443246,0.25187333333333334,0.005230663331116204,0.08553833333333333,0.37414166666666665,0.91586,54.271483523564385,135
RBL,X04,60,1,56.44589943758919,0.7797331492983667,0.34467333333333333,0.002922145421844464,0.08553833333333333,0.37414166666666665,0.91586,54.271483523564385,135
RBL,X05,60,1,77.30000839419122,0.2914111792410913,0.45928166666666664,0.06169368914464759,0.08553833333333333,0.37414166666666665,0.91586,54.271483523564385,135
RBL,X06,60,1,40.67699152186687,0.2461523360816647,0.11529666666666666,0.008009335209098658,0.08553833333333333,0.37414166666666665,0.91586,54.271483523564385,135
RBN,C_100,84,1,54.44952093151539,1.4248779476052205,0.3200904761904762,0.0315268743318701,0.17522976190476192,0.27980952380952384,0.9444892857142858,54.271483523564385,135
RBN,C_101,84,1,51.604389762284505,1.0265475951760292,0.29253809523809526,0.030442804797954824,0.17522976190476192,0.27980952380952384,0.9444892857142858,54.271483523564385,135
RBN,C_110,84,1,63.50645353415437,1.699717261904762,0.371425,0.05548485360453258,0.17522976190476192,0.27980952380952384,0.9444892857142858,54.271483523564385,135
RBN,C_120,84,1,53.523461764459,1.5954106280193237,0.281275,0.03675274170983976,0.17522976190476192,0.27980952380952384,0.9444892857142858,54.271483523564385,135
RBN,C_130,84,1,43.12106022632339,0.8271017938188892,0.2553345238095238,0.011145228175701174,0.17522976190476192,0.27980952380952384,0.9444892857142858,54.271483523564385,135
RBN,C_140,84,1,41.185799426796656,1.4887596392628415,0.22815238095238094,0.004820256887431959,0.17522976190476192,0.27980952380952384,0.9444892857142858,54.271483523564385,135
RBN,C_150,84,1,39.52314998021369,0.10136054421768706,0.2572869047619048,0.0028146796800743116,0.17522976190476192,0.27980952380952384,0.9444892857142858,54.271483523564385,135
RBN,C_160,84,1,73.65692940485185,1.680000697204211,0.47010357142857145,0.08986552700208386,0.17522976190476192,0.27980952380952384,0.9444892857142858,54.271483523564385,135
RBN,C_170,19,1,70.95856725969159,-0.6029411764705882,0.7058823529411765,0.17647058823529413,0.1824263157894737,0.30139473684210527,0.9504210526315789,54.271483523564385,135
RBN,C_300,84,1,29.368377083058526,0.08794307196562828,0.09302142857142856,0.001613147313046186,0.17522976190476192,0.27980952380952384,0.9444892857142858,54.271483523564385,135
RBN,C_301,84,1,38.553121240101845,1.2627349624060151,0.19662380952380953,0.0021866875655461937,0.17522976190476192,0.27980952380952384,0.9444892857142858,54.271483523564385,135
RBN,C_320,84,1,42.23537312179971,0.9940324840433813,0.2520154761904762,0.00382467899229101,0.17522976190476192,0.27980952380952384,0.9444892857142858,54.271483523564385,135
RBN,C_330,84,1,45.5030119157543,1.0932023926614343,0.27762261904761903,0.008830276186087843,0.17522976190476192,0.27980952380952384,0.9444892857142858,54.271483523564385,135
RBN,C_340,84,1,37.095629824161676,0.6756088280060882,0.21122261904761905,0.001321647299898322,0.17522976190476192,0.27980952380952384,0.9444892857142858,54.271483523564385,135
RBN,C_410,84,1,38.82183528997933,0.3617343844754397,0.21692142857142857,0.006574061833016594,0.17522976190476192,0.27980952380952384,0.9444892857142858,54.271483523564385,135
RBN,C_430,84,1,31.918612320274367,0.5652228976697062,0.1311297619047619,0.00011200568546895385,0.17522976190476192,0.27980952380952384,0.9444892857142858,54.271483523564385,135
RBN,C_502,84,1,56.22868974669529,2.1130505505505504,0.3474904761904762,0.023750256319186525,0.17522976190476192,0.27980952380952384,0.9444892857142858,54.271483523564385,135
RBN,C_999,84,1,52.77737805438636,1.2623599992919758,0.3073071428571429,0.02974870287251532,0.17522976190476192,0.27980952380952384,0.9444892857142858,54.271483523564385,135
RBN,X01,24,1,19.61197851087048,-0.11271933731183759,0.13070416666666665,0.0051056294345674415,0.1694125,0.21417916666666667,0.9018,54.271483523564385,135
RBN,X02,60,1,52.978259044741044,1.5331561854148215,0.2949966666666667,0.013867578799232625,0.17755666666666667,0.3060616666666667,0.961565,54.271483523564385,135
RBN,X04,60,1,47.76518649094827,2.3499707088459285,0.21981,0.005050968795155287,0.17755666666666667,0.3060616666666667,0.961565,54.271483523564385,135
RBN,X05,60,1,66.83259184644227,1.3029324894514767,0.3674416666666666,0.04781802841646895,0.17755666666666667,0.3060616666666667,0.961565,54.271483523564385,135
RBN,X06,60,1,74.94935504630796,5.084313725490196,0.38147000000000003,0.07052191201956244,0.17755666666666667,0.3060616666666667,0.961565,54.271483523564385,135
RBQ,C_100,1,0,4.364979434231512,0.0,0.0,0.0,0.2571,0.19205555555555553,0.7576,17.323822779906603,31
RBQ,C_170,84,0,40.91938378641979,0.8848317331005722,0.39840119047619044,0.04788132660438241,0.14112619047619046,0.2731755291005291,0.7658214285714285,17.323822779906603,31
RBQ,C_300,2,0,8.389994124066146,0.0,0.0,0.0,0.0185,0.30671666666666664,0.7361,17.323822779906603,31
RBQ,C_320,84,0,19.696669904426138,0.7424784053156146,0.23122142857142855,0.0033081422729079528,0.14112619047619046,0.2731755291005291,0.7658214285714285,17.323822779906603,31
RBQ,C_340,84,0,19.92091472700891,4.348384173965569,0.10705238095238095,0.00044554351307398614,0.14112619047619046,0.2731755291005291,0.7658214285714285,17.323822779906603,31
RBQ,C_999,84,0,22.74506041819061,1.0269088922278375,0.2417845238095238,0.011505597481678771,0.14112619047619046,0.2731755291005291,0.7658214285714285,17.323822779906603,31
RBQ,X02,7,0,24.28799270904534,0.08371985157699444,0.1595,0.008695342412951768,0.021414285714285716,0.3262,0.8069142857142857,17.323822779906603,31
RBS,C_999,83,0,16.860997250143864,0.4500371441445746,0.37176506024096384,0.016315989951806567,0.12596626506024097,0.15640722891566264,0.7309409638554217,17.323822779906603,31
RBS,X01,24,0,4.46011360138784,-0.0710837674623539,0.26379583333333334,0.006966239282123968,0.076325,0.068475,0.6685125,17.323822779906603,31
RBS,X04,59,0,22.30734975464775,0.8511492456034513,0.41568474576271186,0.020119278359813052,0.1461593220338983,0.19217627118644068,0.756335593220339,17.323822779906603,31
RBT,C_100,84,1,63.61917553053287,0.6447453603798016,0.40561428571428565,0.04825776666351398,0.21270833333333333,0.3340166666666667,0.9072464285714285,54.271483523564385,135
RBT,C_101,84,1,44.10967610413594,0.44757484491594,0.2433547619047619,0.014088715753379282,0.21270833333333333,0.3340166666666667,0.9072464285714285,54.271483523564385,135
RBT,C_110,84,1,69.93440539146911,1.1408177884334247,0.4741083333333333,0.0623119855404015,0.21270833333333333,0.3340166666666667,0.9072464285714285,54.271483523564385,135
RBT,C_120,84,1,59.51951249735183,1.6447194719471947,0.3972904761904762,0.019789743017223554,0.21270833333333333,0.3340166666666667,0.9072464285714285,54.271483523564385,135
RBT,C_130,84,1,49.682819488913665,0.860100308011012,0.2904809523809524,0.014779084283347989,0.21270833333333333,0.3340166666666667,0.9072464285714285,54.271483523564385,135
RBT,C_140,6,2,58.00945745544083,8.666666666666666,0.0,0.0,0.23041666666666663,0.4222333333333334,0.9384666666666667,60.93025935486605,5
RBT,C_300,83,1,43.59861024951221,1.375,0.20107195121951218,0.0031325113916960533,0.21086385542168673,0.33324819277108436,0.9063795180722892,54.271483523564385,135
RBT,C_301,84,1,57.631319127164,0.8393883415435139,0.381775,0.025730496377554306,0.21270833333333333,0.3340166666666667,0.9072464285714285,54.271483523564385,135
RBT,C_320,84,1,61.98750464678443,1.7578505595786698,0.3956488095238095,0.046260203113198436,0.21270833333333333,0.3340166666666667,0.9072464285714285,54.271483523564385,135
RBT,C_330,84,1,58.55068292741422,1.7456975676916016,0.3581940476190476,0.026326662696374264,0.21270833333333333,0.3340166666666667,0.9072464285714285,54.271483523564385,135
RBT,C_340,84,1,53.39215263037978,0.8901508938822373,0.33211785714285713,0.022301221352306548,0.21270833333333333,0.3340166666666667,0.9072464285714285,54.271483523564385,135
RBT,C_410,84,1,64.99402413529837,2.640233799705449,0.4335416666666666,0.05296774274317515,0.21270833333333333,0.3340166666666667,0.9072464285714285,54.271483523564385,135
RBT,C_430,84,1,37.18706654994744,-0.2563025210084034,0.1848095238095238,0.0031367167324390325,0.21270833333333333,0.3340166666666667,0.9072464285714285,54.271483523564385,135
RBT,C_502,84,1,54.474103920087295,0.6963797962280512,0.33131666666666665,0.024460959734429362,0.21270833333333333,0.3340166666666667,0.9072464285714285,54.271483523564385,135
RBT,C_999,84,1,59.11739076559021,0.9945364833002825,0.3610678571428571,0.032360594734558226,0.21270833333333333,0.3340166666666667,0.9072464285714285,54.271483523564385,135
RBT,X01,24,0,12.483911133495623,-0.13776737967914443,0.1267625,7.524898340369471e-05,0.23457916666666667,0.18760833333333335,0.8516875,17.323822779906603,31
RBT,X02,60,1,47.55393267858642,0.3786985391766268,0.19836499999999999,0.0037420572323015326,0.20396,0.39258,0.92947,54.271483523564385,135
RBT,X04,35,1,47.28711731481815,0.11409774436090227,0.25460285714285713,0.0007359745562196766,0.27783142857142856,0.38459142857142853,0.9280257142857142,54.271483523564385,135
RBT,X05,60,2,54.248300176278015,6.20390243902439,0.15345333333333333,0.0153621497686939,0.20396,0.39258,0.92947,60.93025935486605,5
RBT,X06,60,1,35.78415736310473,0.6456209150326797,0.029843333333333333,0.00015137972790201694,0.20396,0.39258,0.92947,54.271483523564385,135
REM,C_100,84,1,72.41019214703425,0.5388146134366154,0.5395083333333334,0.09390768904323554,0.1289702380952381,0.27915238095238093,0.9219785714285715,54.271483523564385,135
REM,C_101,84,1,62.042866336495145,2.2624327816916088,0.4238321428571429,0.04681171233306365,0.1289702380952381,0.27915238095238093,0.9219785714285715,54.271483523564385,135
REM,C_110,84,1,76.15320198422691,3.3888333442601453,0.5191952380952382,0.0928488753335848,0.1289702380952381,0.27915238095238093,0.9219785714285715,54.271483523564385,135
REM,C_120,84,1,72.10510326853817,2.559586360346353,0.5038214285714285,0.09080989930093823,0.1289702380952381,0.27915238095238093,0.9219785714285715,54.271483523564385,135
REM,C_130,84,1,56.89812649646445,2.0876531008109955,0.39034285714285716,0.022403179864725214,0.1289702380952381,0.27915238095238093,0.9219785714285715,54.271483523564385,135
REM,C_140,84,1,68.41435726477278,1.5724107881365945,0.4468321428571429,0.06790290904800662,0.1289702380952381,0.27915238095238093,0.9219785714285715,54.271483523564385,135
REM,C_160,78,1,55.89282985404869,0.23467948717948717,0.45837692307692307,0.01323504737735809,0.13877179487179486,0.2814320512820513,0.9221846153846155,54.271483523564385,135
REM,C_170,14,0,16.185199841709537,-0.12903225806451618,0.19676428571428572,0.0,0.1285214285714286,0.19702857142857141,0.8706785714285715,17.323822779906603,31
REM,C_300,84,1,47.42897914643067,3.6438159156279966,0.2124511904761905,0.026070096044267313,0.12897023809523808,0.27915238095238093,0.9219785714285715,54.271483523564385,135
REM,C_301,84,1,53.815759494429855,2.026961083323167,0.35471071428571427,0.019821276354302603,0.1289702380952381,0.27915238095238093,0.9219785714285715,54.271483523564385,135
REM,C_320,84,1,43.09317951977231,2.1803250641573992,0.22708690476190474,0.007587259357048161,0.1289702380952381,0.27915238095238093,0.9219785714285715,54.271483523564385,135
REM,C_330,84,2,76.62637454881222,13.164542580517683,0.40460595238095237,0.0313816480972836,0.1289702380952381,0.27915238095238093,0.9219785714285715,60.93025935486605,5
REM,C_340,84,1,39.16249955031118,0.09623163721524372,0.27333690476190475,0.004605945438706206,0.1289702380952381,0.27915238095238093,0.9219785714285715,54.271483523564385,135
REM,C_410,84,1,34.18494401873903,0.5206052514463729,0.18888095238095237,0.0002466683465577211,0.12897023809523808,0.27915238095238093,0.9219785714285715,54.271483523564385,135
REM,C_430,84,1,34.46135274390122,2.2025110590684362,0.11403928571428572,0.0001261626208135406,0.1289702380952381,0.27915238095238093,0.9219785714285715,54.271483523564385,135
REM,C_999,84,1,63.9517453921886,2.3056590031892816,0.405522619047619,0.04634852703507737,0.1289702380952381,0.27915238095238093,0.9219785714285715,54.271483523564385,135
REM,X01,24,0,17.156327821147766,1.3013511126810313,0.18859583333333332,0.004744287727908569,0.2008,0.17897916666666666,0.852175,17.323822779906603,31
REM,X02,60,1,58.80508687987913,1.320168275179411,0.3608783333333333,0.012583384228981287,0.10023833333333335,0.3192216666666667,0.9499,54.271483523564385,135
REM,X04,60,1,64.352248244215,1.4986916951080773,0.40680333333333335,0.023479584925080555,0.10023833333333335,0.3192216666666667,0.9499,54.271483523564385,135
REM,X05,60,1,74.4510198942332,1.7290029928918818,0.4278666666666667,0.05176028803607483,0.10023833333333335,0.3192216666666667,0.9499,54.271483523564385,135
REM,X06,60,1,47.91082570860964,-0.14142743221690593,0.28416833333333336,0.007236041532710067,0.10023833333333335,0.3192216666666667,0.9499,54.271483523564385,135
REN,C_999,84,0,19.364799558705375,0.9271300448430493,0.027635714285714288,0.00016569946470676536,0.01228452380952381,0.2731755291005291,0.8232571428571428,17.323822779906603,31
REN,X01,24,0,4.270544783010156,0.10846412556053812,0.020937499999999998,0.0,0.0014875,0.15915648148148148,0.6901875,17.323822779906603,31
REN,X02,60,0,22.12051260527715,-0.11783380018674136,0.027299999999999998,0.00011103074538360987,0.016603333333333335,0.3187831481481481,0.8764850000000001,17.323822779906603,31
REN,X06,59,0,23.928038024102413,0.10755699685534592,0.03393962264150943,0.0004186202478469191,0.014891525423728815,0.31923088512241055,0.8758864406779662,17.323822779906603,31
REP,C_502,84,0,11.154980753318704,1.2231281580156177,0.4553488095238095,0.050468261896802966,0.12847619047619047,0.07217976190476191,0.5658928571428571,17.323822779906603,31
REP,C_999,84,0,9.926930564049677,1.2569048930144746,0.4355714285714286,0.04694258742574656,0.12847619047619047,0.07217976190476191,0.5658928571428571,17.323822779906603,31
REP,X01,24,0,0.27945661602171296,0.14526066350710895,0.041437499999999995,0.0,0.15835000000000002,0.020100000000000007,0.5261125,17.323822779906603,31
REP,X06,60,0,2.556870645513305,0.9672043010752688,0.189905,0.004370212644205614,0.11652666666666667,0.09301166666666667,0.5818049999999999,17.323822779906603,31
RET,C_130,63,0,20.204551783499152,-0.6326821326821327,0.12464761904761905,0.0,0.005263492063492064,0.31200476190476195,0.8132095238095238,17.323822779906603,31
RET,C_150,84,0,27.377654662973224,0.6392717591996222,0.24943333333333334,0.011218288495896218,0.029664285714285716,0.2731755291005291,0.7826178571428573,17.323822779906603,31
RET,C_400,84,0,28.2361605768808,0.2043269707568315,0.28093095238095234,0.005706896113664104,0.029664285714285716,0.2731755291005291,0.7826178571428573,17.323822779906603,31
RET,C_999,84,0,28.69344413665743,0.28674602729407245,0.2924857142857143,0.009192592640752995,0.029664285714285716,0.2731755291005291,0.7826178571428573,17.323822779906603,31
RET,X01,24,0,10.933084305660485,0.055254970918436286,0.3727833333333333,0.010666543473076606,0.09059166666666667,0.15915648148148148,0.691075,17.323822779906603,31
RET,X02,60,0,37.66683455049106,0.35378137106282637,0.31830833333333336,0.012429644868710062,0.005293333333333333,0.3187831481481481,0.819235,17.323822779906603,31
RET,X03,60,0,16.334242466924753,-0.603129074315515,0.03913898305084746,0.0,0.005293333333333333,0.3187831481481481,0.819235,17.323822779906603,31
RET,X05,52,1,65.00736105999263,2.701230769230769,0.47856923076923075,0.04977888111063803,0.005678846153846154,0.32646367521367525,0.8299557692307692,54.271483523564385,135
RJN,C_100,84,1,56.59683499018679,0.5066694514062935,0.35514285714285715,0.02697226611618671,0.2272714285714286,0.38745119047619053,0.8646607142857143,54.271483523564385,135
RJN,C_101,84,1,46.680696957705266,0.570852534562212,0.26387142857142853,0.010523655794592439,0.2272714285714286,0.38745119047619053,0.8646607142857143,54.271483523564385,135
RJN,C_110,84,1,70.2247045044829,0.15936765040588732,0.4578321428571429,0.06241235341742116,0.2272714285714286,0.38745119047619053,0.8646607142857143,54.271483523564385,135
RJN,C_120,84,1,57.42386268702059,0.7511245540561502,0.40471547619047615,0.017686923746668266,0.2272714285714286,0.38745119047619053,0.8646607142857143,54.271483523564385,135
RJN,C_130,84,1,47.92803380060998,0.1814591658341659,0.2985988095238095,0.010586389482986869,0.2272714285714286,0.38745119047619053,0.8646607142857143,54.271483523564385,135
RJN,C_140,19,1,29.29881995343433,-0.7555485098287889,0.45273157894736843,0.004684612920974616,0.22157368421052634,0.19835789473684212,0.8259947368421052,54.271483523564385,135
RJN,C_160,84,1,44.140254943579045,-0.5020885547201337,0.2715845238095238,0.012771517857395992,0.2272714285714286,0.38745119047619053,0.8646607142857143,54.271483523564385,135
RJN,C_300,84,1,54.251989202419296,2.8289473684210527,0.2634921052631579,0.011904283474523413,0.2272714285714286,0.38745119047619053,0.8646607142857143,54.271483523564385,135
RJN,C_301,84,1,64.20497016064883,1.269850695622667,0.4236416666666667,0.03724775210077515,0.2272714285714286,0.38745119047619053,0.8646607142857143,54.271483523564385,135
RJN,C_320,84,1,57.74923752763088,0.6448639157155399,0.3895845238095238,0.020484292933173404,0.2272714285714286,0.38745119047619053,0.8646607142857143,54.271483523564385,135
RJN,C_340,84,1,50.85640736610266,0.9548465444910577,0.31651547619047615,0.010457250254658261,0.2272714285714286,0.38745119047619053,0.8646607142857143,54.271483523564385,135
RJN,C_400,1,3,100.0,0.0,1.0,1.0,0.145,0.5327999999999999,0.8837,100.0,1
RJN,C_410,13,1,57.91782086795937,-0.6712062256809338,0.6420333333333333,0.0010288065843621398,0.07921538461538462,0.25790769230769234,0.8961307692307692,54.271483523564385,135
RJN,C_430,84,2,59.366118645897046,10.808673469387754,0.28096666666666664,0.011599794853836758,0.2272714285714286,0.38745119047619053,0.8646607142857143,60.93025935486605,5
RJN,C_502,84,1,52.62438392632299,0.9339443742098608,0.333375,0.013467846265455758,0.2272714285714286,0.38745119047619053,0.8646607142857143,54.271483523564385,135
RJN,C_999,84,1,57.48252209471046,0.48466403186890517,0.3686488095238095,0.026928820564921407,0.2272714285714286,0.38745119047619053,0.8646607142857143,54.271483523564385,135
RJN,X01,24,0,11.545160748761857,0.030647382920110208,0.1106625,0.001152050694716796,0.2850833333333333,0.21125000000000002,0.8048625,17.323822779906603,31
RJN,X02,60,1,57.41374968521783,0.4256378600823045,0.255985,0.011661214818228518,0.20414666666666664,0.4579316666666667,0.8885799999999999,54.271483523564385,135
RJN,X04,60,1,71.37888581101878,1.1147540983606556,0.4220666666666667,0.031512937375373376,0.20414666666666664,0.4579316666666667,0.8885799999999999,54.271483523564385,135
RJN,X05,60,1,68.91938778365372,0.5614605929139551,0.36419666666666667,0.030271691683413805,0.20414666666666664,0.4579316666666667,0.8885799999999999,54.271483523564385,135
RJN,X06,54,2,56.40104594790216,14.581761006289309,0.05444339622641509,0.0017363120731566154,0.2169111111111111,0.4565388888888889,0.8828407407407407,60.93025935486605,5
RJR,C_100,82,1,68.72966869889,-0.26672301376479113,0.48738536585365855,0.07036122010513392,0.2368037037037037,0.32786829268292683,0.928380487804878,54.271483523564385,135
RJR,C_101,82,1,74.94105930547913,-0.06074654894329143,0.5162975609756097,0.09689873085690334,0.2368037037037037,0.32786829268292683,0.928380487804878,54.271483523564385,135
RJR,C_110,82,1,72.82385774229418,0.46017866671256685,0.4807439024390244,0.07617264047197662,0.2368037037037037,0.32786829268292683,0.928380487804878,54.271483523564385,135
RJR,C_120,82,1,76.96903372495862,0.8460104782470177,0.5488487804878049,0.09774030137057942,0.2368037037037037,0.32786829268292683,0.928380487804878,54.271483523564385,135
RJR,C_130,82,1,70.7912198832482,0.3412475567264384,0.4591939024390244,0.07994497000125143,0.2368037037037037,0.32786829268292683,0.928380487804878,54.271483523564385,135
RJR,C_140,82,1,79.04105174034383,0.21585989417235296,0.5427439024390244,0.11115628684000078,0.2368037037037037,0.32786829268292683,0.928380487804878,54.271483523564385,135
RJR,C_160,82,1,74.80841035781017,0.2758866861746779,0.47459878048780485,0.08357144460944751,0.2368037037037037,0.32786829268292683,0.928380487804878,54.271483523564385,135
RJR,C_300,82,1,42.39014102241249,-0.3996559633027524,0.27387160493827156,0.0026579973122165847,0.2368037037037037,0.32786829268292683,0.928380487804878,54.271483523564385,135
RJR,C_301,82,1,62.23194290291859,0.224980963149272,0.41508780487804875,0.04420885415507646,0.2368037037037037,0.32786829268292683,0.928380487804878,54.271483523564385,135
RJR,C_320,82,1,50.27934003003255,0.5027579475422487,0.28176463414634145,0.019707588628231312,0.2368037037037037,0.32786829268292683,0.928380487804878,54.271483523564385,135
RJR,C_330,82,1,63.38868317938801,1.3404839638947572,0.4024829268292683,0.042827810264232734,0.2368037037037037,0.32786829268292683,0.928380487804878,54.271483523564385,135
RJR,C_340,82,1,53.9798311420349,0.42242966352904476,0.32866707317073174,0.02501195828931249,0.2368037037037037,0.32786829268292683,0.928380487804878,54.271483523564385,135
RJR,C_410,82,1,63.46723622808572,0.8382188409040052,0.43081951219512193,0.03775519044723937,0.2368037037037037,0.32786829268292683,0.928380487804878,54.271483523564385,135
RJR,C_430,82,1,39.245538383734754,0.6800670567352574,0.17266219512195122,0.0014515449106055716,0.2368037037037037,0.32786829268292683,0.928380487804878,54.271483523564385,135
RJR,C_502,82,1,68.60468851850815,0.34158606672273617,0.4732426829268293,0.06579907250734054,0.2368037037037037,0.32786829268292683,0.928380487804878,54.271483523564385,135
RJR,C_999,82,1,71.49944090541197,0.47217877059335517,0.4614707317073171,0.06907373226093046,0.2368037037037037,0.32786829268292683,0.928380487804878,54.271483523564385,135
RJR,X01,24,1,22.67026217857243,-0.004441763544637031,0.270725,0.004150210417910381,0.22779583333333334,0.14694166666666666,0.9279000000000001,54.271483523564385,135
RJR,X02,54,1,68.97364382337989,0.4519253073532823,0.3942407407407408,0.02498699361579944,0.24378867924528302,0.41482222222222226,0.9272111111111111,54.271483523564385,135
RJR,X03,8,1,63.264620882349405,0.1975806451612903,0.4743875,0.011884973404255319,0.4803857142857143,0.387925,0.9037625,54.271483523564385,135
RJR,X04,20,1,70.98925543523882,0.38153078202995006,0.397835,0.011737390024340592,0.260945,0.43970000000000004,0.942615,54.271483523564385,135
RJR,X05,54,1,93.8185492620239,4.114867071657195,0.56945,0.12650422340724377,0.24378867924528302,0.41482222222222226,0.9272111111111111,54.271483523564385,135
RJR,X06,58,1,48.820616133635525,-0.6151164597997202,0.20169137931034484,0.014851618715249627,0.24059649122807017,0.40273448275862067,0.9285793103448275,54.271483523564385,135
RWW,C_100,84,1,63.92846150463879,0.4755639097744361,0.3981821428571428,0.08821880285607187,0.17906666666666668,0.28828333333333334,0.8974214285714285,54.271483523564385,135
RWW,C_101,84,1,56.8327717219684,0.17341854740650664,0.33873095238095235,0.06266700837560715,0.17906666666666668,0.28828333333333334,0.8974214285714285,54.271483523564385,135
RWW,C_110,84,1,67.28184096605149,0.656516190093785,0.46003452380952375,0.07381548997982537,0.17906666666666668,0.28828333333333334,0.8974214285714285,54.271483523564385,135
RWW,C_120,84,1,58.7488457987073,0.38396891603356675,0.42986309523809524,0.05764350697616162,0.17906666666666668,0.28828333333333334,0.8974214285714285,54.271483523564385,135
RWW,C_130,84,1,32.112178372566184,-0.02137792668198989,0.20597857142857143,0.005654823784658578,0.17906666666666668,0.28828333333333334,0.8974214285714285,54.271483523564385,135
RWW,C_300,84,1,20.71086807928913,-0.514264581572274,0.052210714285714284,0.00042095001772421127,0.17906666666666668,0.28828333333333334,0.8974214285714285,54.271483523564385,135
RWW,C_301,84,1,44.014641867827464,0.6986152780983151,0.25486547619047617,0.026894906585598868,0.17906666666666668,0.28828333333333334,0.8974214285714285,54.271483523564385,135
RWW,C_320,84,1,39.47208531696066,0.15820133044213303,0.23175357142857145,0.014497745389517903,0.17906666666666668,0.28828333333333334,0.8974214285714285,54.271483523564385,135
RWW,C_330,1,1,33.97129186602871,0.0,0.0,0.0,0.0162,0.37360000000000004,0.9391,54.271483523564385,135
RWW,C_340,84,1,45.0409316752807,0.9515319904298833,0.2963904761904762,0.01784004765010815,0.17906666666666668,0.28828333333333334,0.8974214285714285,54.271483523564385,135
RWW,C_410,84,1,34.99088630667578,0.36414273799594893,0.21101428571428574,0.0022600176206359103,0.17906666666666668,0.28828333333333334,0.8974214285714285,54.271483523564385,135
RWW,C_430,84,1,29.484796520807603,1.204268292682927,0.10811666666666667,0.0006292564886314886,0.17906666666666668,0.28828333333333334,0.8974214285714285,54.271483523564385,135
RWW,C_502,84,1,59.54819265068572,0.49685339478815815,0.3746595238095238,0.0667296136104466,0.17906666666666668,0.28828333333333334,0.8974214285714285,54.271483523564385,135
RWW,C_999,84,1,51.94605333109488,0.373514940451905,0.3336511904761905,0.04277250865428011,0.17906666666666668,0.28828333333333334,0.8974214285714285,54.271483523564385,135
RWW,X01,24,0,13.157195220907132,-0.03901892964392964,0.163275,0.008579754149419815,0.2227625,0.1807375,0.8337249999999999,17.323822779906603,31
RWW,X02,60,1,61.617420744844566,1.290925464117484,0.37902833333333336,0.032984375351134104,0.16158833333333333,0.33130166666666666,0.9229,54.271483523564385,135
RWW,X04,60,1,38.12893477713422,0.2014903846153846,0.17367166666666664,0.00661065600549902,0.16158833333333333,0.33130166666666666,0.9229,54.271483523564385,135
RWW,X05,60,1,68.81012339461093,0.35783822177655217,0.4130433333333333,0.05794809510200757,0.16158833333333333,0.33130166666666666,0.9229,54.271483523564385,135
RWW,X06,60,1,47.16262346456252,1.032095709570957,0.24681,0.01229810753299908,0.16158833333333333,0.33130166666666666,0.9229,54.271483523564385,135
