provider_org_code,waiting_list_size,over_18wk,over_52wk,completed_pathways,period_month,over18_share,over52_share
RBL,52578.0,11028.0,0.0,14132.0,2019-04-01,0.20974552094031723,0.0
RBL,54780.0,10564.0,0.0,14788.0,2019-05-01,0.19284410368747718,0.0
RBL,51636.0,10250.0,0.0,15928.0,2019-06-01,0.1985049190487257,0.0
RBL,49664.0,9894.0,0.0,18286.0,2019-07-01,0.19921875,0.0
RBL,49920.0,10024.0,0.0,14270.0,2019-08-01,0.20080128205128206,0.0
RBL,49660.0,10128.0,0.0,16024.0,2019-09-01,0.20394683850181233,0.0
RBL,48920.0,10256.0,0.0,18736.0,2019-10-01,0.20964840556009812,0.0
RBL,47334.0,10338.0,0.0,16666.0,2019-11-01,0.21840537457218911,0.0
RBL,46744.0,10234.0,0.0,13758.0,2019-12-01,0.2189371897997604,0.0
RBL,46310.0,10048.0,0.0,16668.0,2020-01-01,0.21697257611746923,0.0
RBL,46582.0,10030.0,0.0,14464.0,2020-02-01,0.21531922201708814,0.0
RBL,44840.0,11224.0,30.0,12418.0,2020-03-01,0.2503122212310437,0.0006690454950936663
RBL,42688.0,15014.0,116.0,4912.0,2020-04-01,0.3517147676161919,0.002717391304347826
RBL,42790.0,19688.0,414.0,5880.0,2020-05-01,0.46010750175274595,0.009675157747137182
RBL,42988.0,24394.0,846.0,8796.0,2020-06-01,0.567460686703266,0.01967991067274588
RBL,46264.0,27018.0,1256.0,9666.0,2020-07-01,0.5839961957461525,0.027148538820681307
RBL,49154.0,23970.0,1484.0,8296.0,2020-08-01,0.4876510558652399,0.030190828823696954
RBL,48590.0,19586.0,1636.0,13552.0,2020-09-01,0.4030870549495781,0.03366947931673184
RBL,46052.0,15840.0,1570.0,14834.0,2020-10-01,0.343959002866325,0.03409189611743247
RBL,43446.0,13420.0,1426.0,16380.0,2020-11-01,0.3088891957832712,0.03282235418680661
RBL,43774.0,13232.0,1350.0,13146.0,2020-12-01,0.30227989217343626,0.03084022479097181
RBL,43934.0,13922.0,1816.0,11108.0,2021-01-01,0.316884417535394,0.041334729366777435
RBL,44082.0,14196.0,2242.0,11478.0,2021-02-01,0.32203620525384513,0.05085976135384057
RBL,47048.0,14498.0,2354.0,14722.0,2021-03-01,0.30815337527631353,0.050034007821799016
RBL,49684.0,15132.0,1758.0,13798.0,2021-04-01,0.3045648498510587,0.0353836245068835
RBL,51908.0,14264.0,1276.0,13476.0,2021-05-01,0.2747938660707405,0.024581952685520537
RBL,53522.0,13080.0,1064.0,15078.0,2021-06-01,0.24438548634206494,0.019879675647397333
RBL,54146.0,13486.0,1028.0,13960.0,2021-07-01,0.24906733646068038,0.018985705315258745
RBL,54814.0,14186.0,1140.0,13122.0,2021-08-01,0.2588024957127741,0.020797606450906704
RBL,55038.0,14940.0,1232.0,16326.0,2021-09-01,0.27144881718085684,0.022384534321741343
RBL,54086.0,15770.0,1166.0,16376.0,2021-10-01,0.29157268054579744,0.021558259068890286
RBL,54274.0,16208.0,1030.0,17358.0,2021-11-01,0.2986328628809375,0.018977779415558095
RBL,54986.0,17678.0,1124.0,13964.0,2021-12-01,0.32150001818644747,0.020441566944313098
RBL,57510.0,18652.0,958.0,13450.0,2022-01-01,0.32432620413841073,0.01665797252651713
RBL,59072.0,20168.0,1060.0,14204.0,2022-02-01,0.34141386782231853,0.017944203683640303
RBL,61056.0,21160.0,1172.0,15606.0,2022-03-01,0.3465670859538784,0.019195492662473796
RBL,63194.0,22726.0,1466.0,13714.0,2022-04-01,0.3596227489951578,0.02319840491185872
RBL,64904.0,21640.0,1628.0,16746.0,2022-05-01,0.3334155059780599,0.02508319980278565
RBL,66776.0,23102.0,2062.0,15050.0,2022-06-01,0.34596262130106625,0.030879357853120883
RBL,70038.0,24704.0,2250.0,15124.0,2022-07-01,0.35272280761872127,0.0321254176304292
RBL,71644.0,25286.0,2260.0,16254.0,2022-08-01,0.3529395343643571,0.031544860700128415
RBL,74240.0,27944.0,2506.0,15870.0,2022-09-01,0.3764008620689655,0.03375538793103448
RBL,74488.0,28452.0,2576.0,16880.0,2022-10-01,0.38196756524540865,0.03458275158414778
RBL,74556.0,28678.0,2454.0,18142.0,2022-11-01,0.38465046408069103,0.032914855947207465
RBL,75126.0,31750.0,2664.0,12558.0,2022-12-01,0.42262332614540904,0.03546042648350771
RBL,78054.0,32040.0,2560.0,14904.0,2023-01-01,0.4104850488123607,0.03279780664668051
RBL,80324.0,33334.0,2582.0,14386.0,2023-02-01,0.4149942731935661,0.03214481350530352
RBL,82320.0,33698.0,2642.0,16064.0,2023-03-01,0.40935374149659864,0.032094266277939744
RBL,83674.0,34762.0,2804.0,12654.0,2023-04-01,0.4154456581494849,0.03351100700337022
RBL,83136.0,33556.0,2984.0,16126.0,2023-05-01,0.4036277906081601,0.03589299461123942
RBL,81196.0,33040.0,3064.0,17164.0,2023-06-01,0.40691659687669346,0.03773584905660377
RBL,85494.0,35286.0,2932.0,14984.0,2023-07-01,0.41273071794511895,0.034294804313753015
RBL,87370.0,36874.0,3212.0,15934.0,2023-08-01,0.4220441799244592,0.036763191026668196
RBL,88562.0,38384.0,3574.0,15428.0,2023-09-01,0.43341387954201577,0.04035590885481358
RBL,86558.0,37660.0,3826.0,18690.0,2023-10-01,0.4350839899258301,0.04420157582199219
RBL,85408.0,37648.0,3790.0,18010.0,2023-11-01,0.4408017984263769,0.04437523417010116
RBL,83648.0,37444.0,4090.0,13358.0,2023-12-01,0.44763771996939555,0.04889537107880643
RBL,82164.0,35716.0,3764.0,17550.0,2024-01-01,0.4346915924249063,0.04581081738961102
RBL,83170.0,34934.0,3734.0,15836.0,2024-02-01,0.4200312612720933,0.04489599615245882
RBL,88058.0,36872.0,4184.0,14064.0,2024-03-01,0.41872402280315246,0.04751413840877603
RBL,89056.0,36530.0,3814.0,15204.0,2024-04-01,0.4101913402802731,0.04282698526769673
RBL,89028.0,35808.0,3522.0,15906.0,2024-05-01,0.4022105405041111,0.03956058768028036
RBL,88694.0,36026.0,3400.0,15182.0,2024-06-01,0.4061830563510497,0.038334047398922134
RBL,92064.0,38556.0,3754.0,16586.0,2024-07-01,0.4187956204379562,0.04077598192561696
RBL,93540.0,39366.0,3466.0,14052.0,2024-08-01,0.4208466966003849,0.03705366688047894
RBL,95158.0,39948.0,3196.0,14436.0,2024-09-01,0.4198070577355556,0.03358624603291368
RBL,94744.0,39438.0,2950.0,15996.0,2024-10-01,0.4162585493540488,0.031136536350586844
RBL,96242.0,40204.0,2802.0,12248.0,2024-11-01,0.4177386172357183,0.02911410818561543
RBL,94986.0,42020.0,2596.0,11152.0,2024-12-01,0.4423809824605731,0.02733034341903017
RBL,94932.0,42212.0,2360.0,15644.0,2025-01-01,0.4446551215606961,0.024859899717692664
RBL,95130.0,41368.0,2410.0,14290.0,2025-02-01,0.4348575633343845,0.025333753810575003
RBL,98482.0,41780.0,2218.0,14718.0,2025-03-01,0.42423996263276537,0.022521882171361265
RBL,93092.0,37506.0,2272.0,16172.0,2025-04-01,0.4028917629871525,0.024405963992609463
RBL,91690.0,33946.0,2562.0,14904.0,2025-05-01,0.37022576071545427,0.02794197840549678
RBL,94196.0,35314.0,2622.0,15164.0,2025-06-01,0.3748991464605716,0.02783557688224553
RBL,94956.0,36322.0,2522.0,17232.0,2025-07-01,0.3825140064872151,0.02655966974177514
RBL,94926.0,37358.0,2686.0,14266.0,2025-08-01,0.3935486589553968,0.028295725091123613
RBL,96808.0,37114.0,2304.0,15974.0,2025-09-01,0.38337740682588217,0.02379968597636559
RBL,99358.0,38820.0,2652.0,16650.0,2025-10-01,0.39070834759153766,0.026691358521709375
RBL,96540.0,39064.0,2610.0,15550.0,2025-11-01,0.40464056349699606,0.027035425730267248
RBL,94640.0,38522.0,2124.0,14628.0,2025-12-01,0.4070371935756551,0.022442941673710904
RBL,93312.0,38100.0,2004.0,17422.0,2026-01-01,0.40830761316872427,0.02147633744855967
RBL,92714.0,37336.0,1980.0,16122.0,2026-02-01,0.4027007787389175,0.021355998015402205
RBL,87332.0,30824.0,710.0,23636.0,2026-03-01,0.3529519534649384,0.008129895112902488
RBN,43348.0,3332.0,0.0,21364.0,2019-04-01,0.07686629140906155,0.0
RBN,42992.0,3038.0,0.0,23206.0,2019-05-01,0.07066430963900261,0.0
RBN,42792.0,2882.0,0.0,22026.0,2019-06-01,0.06734903720321556,0.0
RBN,42786.0,2714.0,0.0,24844.0,2019-07-01,0.06343196372645257,0.0
RBN,42504.0,3276.0,0.0,20652.0,2019-08-01,0.07707509881422925,0.0
RBN,42362.0,3294.0,0.0,22260.0,2019-09-01,0.07775836834899202,0.0
RBN,42176.0,3246.0,0.0,26182.0,2019-10-01,0.07696320182094082,0.0
RBN,41950.0,3116.0,0.0,23518.0,2019-11-01,0.07427890345649583,0.0
RBN,41812.0,3136.0,0.0,20608.0,2019-12-01,0.07500239165789725,0.0
RBN,41400.0,3266.0,0.0,25240.0,2020-01-01,0.07888888888888888,0.0
RBN,41092.0,3266.0,0.0,23092.0,2020-02-01,0.07948019079139491,0.0
RBN,40842.0,3964.0,0.0,20108.0,2020-03-01,0.09705695117770922,0.0
RBN,42022.0,7028.0,6.0,7908.0,2020-04-01,0.1672457284279663,0.00014278235210128028
RBN,42010.0,10774.0,40.0,10338.0,2020-05-01,0.2564627469650083,0.0009521542489883361
RBN,42058.0,15134.0,106.0,15842.0,2020-06-01,0.3598364163773836,0.0025203290693803795
RBN,42918.0,19492.0,198.0,18080.0,2020-07-01,0.4541684141851904,0.0046134489025583675
RBN,44128.0,17544.0,274.0,17810.0,2020-08-01,0.39757070340826683,0.006209209572153734
RBN,44536.0,14132.0,352.0,22462.0,2020-09-01,0.31731632836357104,0.007903718340219149
RBN,44618.0,12362.0,520.0,22512.0,2020-10-01,0.2770630687166614,0.011654489219597473
RBN,44566.0,11200.0,804.0,23072.0,2020-11-01,0.2513126598752412,0.01804065879818696
RBN,43956.0,11020.0,968.0,21260.0,2020-12-01,0.2507052507052507,0.022022022022022022
RBN,43494.0,11998.0,1604.0,19954.0,2021-01-01,0.27585414080103005,0.036878649928725804
RBN,44802.0,13316.0,2354.0,19632.0,2021-02-01,0.29721887415740367,0.05254229721887416
RBN,46142.0,13744.0,3056.0,25666.0,2021-03-01,0.29786311820033806,0.06623033245199601
RBN,48460.0,14248.0,2800.0,23604.0,2021-04-01,0.29401568303755676,0.05777961205117623
RBN,49838.0,12956.0,2504.0,24300.0,2021-05-01,0.25996227778000724,0.050242786628676914
RBN,51180.0,12674.0,2426.0,26466.0,2021-06-01,0.2476357952325127,0.04740132864400156
RBN,53530.0,13192.0,2382.0,24778.0,2021-07-01,0.24644124789837474,0.04449841210536148
RBN,54622.0,13702.0,2448.0,22554.0,2021-08-01,0.2508513053348468,0.044817106660320016
RBN,56902.0,14838.0,2696.0,23684.0,2021-09-01,0.2607641207690415,0.04737970545850761
RBN,58766.0,16132.0,2908.0,23990.0,2021-10-01,0.2745124731987884,0.04948439573903277
RBN,59528.0,16596.0,2918.0,25850.0,2021-11-01,0.27879317296062356,0.04901894906598576
RBN,60188.0,17788.0,2938.0,21680.0,2021-12-01,0.295540639330099,0.048813717020003984
RBN,62758.0,18976.0,2964.0,22072.0,2022-01-01,0.30236782561585773,0.04722903852895249
RBN,62692.0,19828.0,3028.0,23880.0,2022-02-01,0.3162763989025713,0.048299623556434634
RBN,64776.0,20776.0,3084.0,26846.0,2022-03-01,0.32073607508953933,0.047610226009633196
RBN,68782.0,22678.0,3436.0,22450.0,2022-04-01,0.32970835392980724,0.04995493006891338
RBN,70982.0,21912.0,3576.0,25642.0,2022-05-01,0.308697979769519,0.05037896931616466
RBN,73092.0,23088.0,3770.0,24456.0,2022-06-01,0.3158758824495157,0.05157883215673398
RBN,75750.0,25512.0,4172.0,23988.0,2022-07-01,0.3367920792079208,0.055075907590759074
RBN,81094.0,27700.0,4502.0,23158.0,2022-08-01,0.34157890842725724,0.055515821145830764
RBN,85640.0,29414.0,4940.0,24174.0,2022-09-01,0.3434609995329285,0.05768332554880897
RBN,89944.0,29666.0,5014.0,24376.0,2022-10-01,0.3298274481899849,0.05574579738503958
RBN,91910.0,31332.0,5010.0,26226.0,2022-11-01,0.3408987052551409,0.05450984658905451
RBN,90888.0,34038.0,5226.0,20672.0,2022-12-01,0.37450488513335095,0.057499339846844466
RBN,92896.0,35824.0,5524.0,24162.0,2023-01-01,0.3856355494316225,0.059464347227006546
RBN,92164.0,35120.0,4946.0,23162.0,2023-02-01,0.3810598498329066,0.053665205503233365
RBN,93558.0,35484.0,3778.0,27406.0,2023-03-01,0.3792727505932149,0.0403813677077321
RBN,97662.0,36876.0,3702.0,21050.0,2023-04-01,0.37758800761811145,0.037906248080113045
RBN,101474.0,37000.0,3708.0,23846.0,2023-05-01,0.3646254212901827,0.036541380057945876
RBN,104690.0,38676.0,3846.0,24988.0,2023-06-01,0.36943356576559366,0.036737033145477126
RBN,144894.0,55946.0,4802.0,33220.0,2023-07-01,0.3861167474153519,0.03314146893591177
RBN,145460.0,57668.0,4810.0,32688.0,2023-08-01,0.3964526330262615,0.03306750996837619
RBN,148556.0,59920.0,5088.0,33412.0,2023-09-01,0.4033495786100864,0.03424971054686448
RBN,154842.0,61346.0,4952.0,36686.0,2023-10-01,0.39618449774608955,0.03198098707069141
RBN,159634.0,62426.0,5290.0,37108.0,2023-11-01,0.3910570429858301,0.03313830387010286
RBN,158960.0,64740.0,5690.0,30338.0,2023-12-01,0.4072722697533971,0.03579516859587317
RBN,160268.0,63394.0,5394.0,38354.0,2024-01-01,0.3955499538273392,0.03365612598896848
RBN,161688.0,62542.0,5164.0,35262.0,2024-02-01,0.3868066894265499,0.031938053535203605
RBN,161100.0,63288.0,5202.0,35146.0,2024-03-01,0.3928491620111732,0.03229050279329609
RBN,162700.0,62146.0,5248.0,34862.0,2024-04-01,0.3819668100799017,0.032255685310387215
RBN,163450.0,63288.0,5402.0,35864.0,2024-05-01,0.3872009788926277,0.033049862343224226
RBN,165354.0,64608.0,5598.0,34054.0,2024-06-01,0.3907253528792772,0.0338546391378497
RBN,165976.0,66982.0,5484.0,36904.0,2024-07-01,0.4035643707523979,0.033040921579023476
RBN,167432.0,69776.0,5650.0,32292.0,2024-08-01,0.41674231926991256,0.03374504276362941
RBN,163564.0,69204.0,4926.0,36428.0,2024-09-01,0.42310043774913797,0.030116651585923554
RBN,164730.0,68424.0,4830.0,40314.0,2024-10-01,0.41537060644691315,0.0293207066108177
RBN,162368.0,67288.0,4528.0,37262.0,2024-11-01,0.4144166338194718,0.02788726842727631
RBN,156888.0,63070.0,4390.0,31046.0,2024-12-01,0.40200652694916117,0.02798174493906481
RBN,155872.0,61506.0,4574.0,35880.0,2025-01-01,0.39459299938411,0.02934459043317594
RBN,152308.0,56390.0,4186.0,34134.0,2025-02-01,0.3702366257845944,0.027483782861044727
RBN,152360.0,54194.0,3942.0,35906.0,2025-03-01,0.3556970333420845,0.02587293252822263
RBN,152976.0,54976.0,4128.0,34250.0,2025-04-01,0.35937663424328,0.02698462503922184
RBN,151782.0,53836.0,4314.0,34976.0,2025-05-01,0.3546929148383866,0.028422342570265248
RBN,150488.0,53188.0,4040.0,35628.0,2025-06-01,0.3534368188825687,0.026845994364999202
RBN,152836.0,55776.0,4086.0,36926.0,2025-07-01,0.36494019733570626,0.02673453898296213
RBN,153774.0,56154.0,3910.0,31554.0,2025-08-01,0.36517226579265677,0.0254269252279319
RBN,155646.0,55964.0,3596.0,36676.0,2025-09-01,0.35955951325443636,0.02310370970021716
RBN,154708.0,56108.0,3194.0,39660.0,2025-10-01,0.3626703208625281,0.02064534477855056
RBN,151478.0,56756.0,3144.0,35188.0,2025-11-01,0.37468147189690915,0.02075548924596311
RBN,149322.0,55814.0,3054.0,34198.0,2025-12-01,0.37378283173276544,0.02045244505163338
RBN,147270.0,56650.0,2972.0,35900.0,2026-01-01,0.38466761730155496,0.020180620628777075
RBN,150918.0,55522.0,2632.0,33902.0,2026-02-01,0.36789514835871134,0.01743993426894075
RBN,155332.0,52342.0,2138.0,38366.0,2026-03-01,0.33696855767002293,0.013764066644348878
RBQ,4652.0,400.0,2.0,1368.0,2019-04-01,0.08598452278589853,0.0004299226139294927
RBQ,4896.0,400.0,0.0,1344.0,2019-05-01,0.08169934640522876,0.0
RBQ,5094.0,476.0,0.0,1250.0,2019-06-01,0.0934432665881429,0.0
RBQ,6376.0,542.0,0.0,1910.0,2019-07-01,0.08500627352572146,0.0
RBQ,6614.0,554.0,2.0,1914.0,2019-08-01,0.08376171756879347,0.0003023888720895071
RBQ,7134.0,642.0,2.0,2100.0,2019-09-01,0.08999158957106812,0.0002803476310625175
RBQ,7432.0,690.0,0.0,2502.0,2019-10-01,0.09284176533907428,0.0
RBQ,7242.0,812.0,0.0,2532.0,2019-11-01,0.11212372272852802,0.0
RBQ,7238.0,858.0,0.0,1914.0,2019-12-01,0.11854103343465046,0.0
RBQ,7492.0,716.0,0.0,2490.0,2020-01-01,0.09556860651361453,0.0
RBQ,7682.0,724.0,0.0,2298.0,2020-02-01,0.09424629002863838,0.0
RBQ,7892.0,1010.0,0.0,1910.0,2020-03-01,0.12797769893563102,0.0
RBQ,7200.0,1646.0,8.0,1226.0,2020-04-01,0.2286111111111111,0.0011111111111111111
RBQ,7130.0,2260.0,6.0,948.0,2020-05-01,0.3169705469845722,0.0008415147265077139
RBQ,7164.0,2878.0,18.0,1224.0,2020-06-01,0.4017308766052485,0.002512562814070352
RBQ,7236.0,3300.0,34.0,1566.0,2020-07-01,0.4560530679933665,0.0046987285793255945
RBQ,7306.0,2918.0,56.0,1308.0,2020-08-01,0.3993977552696414,0.007664932931836847
RBQ,7416.0,2462.0,54.0,1838.0,2020-09-01,0.3319848975188781,0.007281553398058253
RBQ,7482.0,2306.0,82.0,1728.0,2020-10-01,0.3082063619353114,0.010959636460839348
RBQ,8490.0,2506.0,136.0,2364.0,2020-11-01,0.295170789163722,0.0160188457008245
RBQ,7630.0,2010.0,136.0,1642.0,2020-12-01,0.2634338138925295,0.01782437745740498
RBQ,7456.0,2060.0,182.0,1684.0,2021-01-01,0.2762875536480687,0.024409871244635194
RBQ,7610.0,2090.0,250.0,1564.0,2021-02-01,0.27463863337713534,0.0328515111695138
RBQ,7986.0,2022.0,250.0,2052.0,2021-03-01,0.2531930879038317,0.03130478337089907
RBQ,7878.0,1990.0,216.0,1994.0,2021-04-01,0.2526021832952526,0.027418126428027417
RBQ,8286.0,2008.0,218.0,1620.0,2021-05-01,0.24233647115616702,0.026309437605599808
RBQ,7950.0,1974.0,214.0,1948.0,2021-06-01,0.24830188679245283,0.02691823899371069
RBQ,7894.0,2102.0,192.0,1834.0,2021-07-01,0.2662781859640233,0.024322270078540664
RBQ,7486.0,1894.0,172.0,1796.0,2021-08-01,0.2530056104728827,0.022976222281592306
RBQ,7414.0,1766.0,144.0,1932.0,2021-09-01,0.2381980037766388,0.01942271378473159
RBQ,7708.0,1738.0,118.0,2622.0,2021-10-01,0.2254800207576544,0.015308770108977686
RBQ,7732.0,1640.0,100.0,2774.0,2021-11-01,0.21210553543714433,0.012933264355923435
RBQ,8318.0,1702.0,140.0,2058.0,2021-12-01,0.20461649434960327,0.016830968982928587
RBQ,8614.0,1668.0,122.0,2340.0,2022-01-01,0.19363826329231484,0.014162990480612956
RBQ,9428.0,1660.0,138.0,2130.0,2022-02-01,0.17607127704709377,0.01463725074246924
RBQ,10632.0,1834.0,130.0,2302.0,2022-03-01,0.17249811888638072,0.012227238525206923
RBQ,11042.0,1972.0,132.0,1960.0,2022-04-01,0.17859083499366057,0.011954356094910343
RBQ,11678.0,1978.0,140.0,2182.0,2022-05-01,0.16937831820517213,0.01198835417023463
RBQ,11514.0,2246.0,134.0,2048.0,2022-06-01,0.1950668751085635,0.011638005905853743
RBQ,10484.0,2402.0,130.0,2208.0,2022-07-01,0.22911102632582983,0.012399847386493705
RBQ,10640.0,2560.0,148.0,2240.0,2022-08-01,0.24060150375939848,0.013909774436090226
RBQ,10578.0,2624.0,142.0,2528.0,2022-09-01,0.24806201550387597,0.013424087729249386
RBQ,10916.0,2442.0,136.0,2494.0,2022-10-01,0.22370831806522537,0.01245877610846464
RBQ,11080.0,2482.0,112.0,2674.0,2022-11-01,0.2240072202166065,0.010108303249097473
RBQ,10926.0,2880.0,136.0,2258.0,2022-12-01,0.26359143327841844,0.012447373238147538
RBQ,10946.0,2808.0,136.0,2864.0,2023-01-01,0.25653206650831356,0.012424630001827152
RBQ,11016.0,3048.0,126.0,2442.0,2023-02-01,0.2766884531590414,0.011437908496732025
RBQ,11110.0,3048.0,128.0,2880.0,2023-03-01,0.27434743474347434,0.01152115211521152
RBQ,11436.0,3384.0,150.0,2236.0,2023-04-01,0.29590766002098634,0.013116474291710388
RBQ,11728.0,3206.0,160.0,2470.0,2023-05-01,0.27336289222373805,0.013642564802182811
RBQ,11634.0,3138.0,162.0,2528.0,2023-06-01,0.2697266632284683,0.013924703455389376
RBQ,11166.0,3258.0,146.0,2346.0,2023-07-01,0.29177861364857605,0.01307540748701415
RBQ,11472.0,3454.0,154.0,2488.0,2023-08-01,0.30108089260808923,0.013423988842398885
RBQ,11474.0,3578.0,176.0,2518.0,2023-09-01,0.31183545407007146,0.015339027366219279
RBQ,11518.0,3518.0,172.0,2746.0,2023-10-01,0.30543497134919256,0.01493314811599236
RBQ,11830.0,3346.0,188.0,2876.0,2023-11-01,0.2828402366863905,0.01589180050718512
RBQ,11820.0,3480.0,206.0,2360.0,2023-12-01,0.29441624365482233,0.01742808798646362
RBQ,11806.0,3310.0,204.0,2894.0,2024-01-01,0.28036591563611724,0.01727934948331357
RBQ,12098.0,3308.0,214.0,2518.0,2024-02-01,0.2734336253926269,0.017688874194081668
RBQ,12106.0,3408.0,232.0,2754.0,2024-03-01,0.28151329919048407,0.019164050883859245
RBQ,11724.0,3210.0,208.0,3028.0,2024-04-01,0.27379733879222107,0.017741385192766974
RBQ,12662.0,3342.0,242.0,2628.0,2024-05-01,0.2639393460748697,0.01911230453324909
RBQ,12344.0,3374.0,232.0,2762.0,2024-06-01,0.27333117303953336,0.018794556059624108
RBQ,12538.0,3388.0,204.0,2938.0,2024-07-01,0.2702185356516191,0.016270537565799967
RBQ,12538.0,3570.0,184.0,2650.0,2024-08-01,0.28473440740149947,0.014675386824054873
RBQ,12430.0,3690.0,122.0,2748.0,2024-09-01,0.29686242960579245,0.009814963797264683
RBQ,12860.0,3738.0,132.0,3112.0,2024-10-01,0.2906687402799378,0.01026438569206843
RBQ,13000.0,3856.0,118.0,2690.0,2024-11-01,0.2966153846153846,0.009076923076923076
RBQ,13070.0,3780.0,118.0,2432.0,2024-12-01,0.28921193573068094,0.0090283091048202
RBQ,12954.0,3844.0,102.0,2926.0,2025-01-01,0.29674231897483405,0.007874015748031496
RBQ,12588.0,3974.0,94.0,2526.0,2025-02-01,0.31569748967270417,0.007467429297743883
RBQ,12762.0,3904.0,128.0,2970.0,2025-03-01,0.30590816486444133,0.010029775897194797
RBQ,12264.0,3930.0,114.0,2988.0,2025-04-01,0.3204500978473581,0.009295499021526418
RBQ,12102.0,3588.0,134.0,2882.0,2025-05-01,0.2964799206742687,0.011072549991736904
RBQ,11502.0,3188.0,116.0,3020.0,2025-06-01,0.27716918796731005,0.010085202573465485
RBQ,11464.0,3128.0,104.0,3254.0,2025-07-01,0.27285415212840197,0.009071877180739707
RBQ,11218.0,2886.0,96.0,2906.0,2025-08-01,0.25726510964521304,0.008557675164913531
RBQ,11008.0,2582.0,90.0,3330.0,2025-09-01,0.23455668604651161,0.008175872093023256
RBQ,11080.0,2430.0,76.0,3220.0,2025-10-01,0.21931407942238268,0.0068592057761732855
RBQ,11008.0,2582.0,90.0,3330.0,2025-11-01,0.23455668604651161,0.008175872093023256
RBQ,11186.0,2352.0,76.0,2700.0,2025-12-01,0.21026282853566958,0.0067942070445199355
RBQ,11486.0,2448.0,78.0,2924.0,2026-01-01,0.21312902664112832,0.006790875848859481
RBQ,11920.0,2590.0,76.0,2726.0,2026-02-01,0.21728187919463088,0.0063758389261744965
RBQ,12068.0,2480.0,30.0,3156.0,2026-03-01,0.20550215445807093,0.002485913158766987
RBS,25742.0,2050.0,0.0,8748.0,2019-04-01,0.07963639188874214,0.0
RBS,25738.0,2052.0,0.0,8380.0,2019-05-01,0.07972647447354107,0.0
RBS,25686.0,2038.0,0.0,8612.0,2019-06-01,0.0793428326714942,0.0
RBS,25766.0,2038.0,0.0,9536.0,2019-07-01,0.07909648373825973,0.0
RBS,25748.0,2058.0,0.0,9262.0,2019-08-01,0.07992853813888458,0.0
RBS,25652.0,2044.0,0.0,8912.0,2019-09-01,0.07968189614844846,0.0
RBS,25508.0,2028.0,0.0,10358.0,2019-10-01,0.07950446918613768,0.0
RBS,25654.0,2046.0,0.0,9336.0,2019-11-01,0.07975364465580416,0.0
RBS,25700.0,2046.0,0.0,7484.0,2019-12-01,0.07961089494163424,0.0
RBS,25770.0,2058.0,0.0,9616.0,2020-01-01,0.07986030267753201,0.0
RBS,25790.0,2054.0,0.0,9606.0,2020-02-01,0.07964327258627375,0.0
RBS,24324.0,3224.0,10.0,4848.0,2020-03-01,0.13254398947541524,0.00041111659266568
RBS,22046.0,7354.0,30.0,2192.0,2020-04-01,0.33357525174634856,0.0013607910732105597
RBS,21746.0,9108.0,104.0,3372.0,2020-05-01,0.41883564793525246,0.004782488733560195
RBS,22482.0,12118.0,164.0,4304.0,2020-06-01,0.5390089849657503,0.007294724668623788
RBS,22042.0,13302.0,158.0,3580.0,2020-07-01,0.6034842573269213,0.007168133563197532
RBS,22740.0,12904.0,254.0,3478.0,2020-08-01,0.5674582233948988,0.011169744942832014
RBS,22060.0,11526.0,290.0,3544.0,2020-09-01,0.5224841341795105,0.01314596554850408
RBS,21890.0,10028.0,290.0,3892.0,2020-10-01,0.45810872544540887,0.013248058474189127
RBS,21718.0,8922.0,296.0,4138.0,2020-11-01,0.41081130859195136,0.013629247628695091
RBS,21076.0,8438.0,370.0,3736.0,2020-12-01,0.40036059973429494,0.017555513380148036
RBS,21466.0,8308.0,444.0,3564.0,2021-01-01,0.3870306531258735,0.020683872169943166
RBS,23092.0,8444.0,612.0,3858.0,2021-02-01,0.3656677637276979,0.02650268491252382
RBS,24010.0,7586.0,726.0,5176.0,2021-03-01,0.31595168679716784,0.030237401082882132
RBS,23094.0,7526.0,558.0,7344.0,2021-04-01,0.32588551138823935,0.024162120031176928
RBS,22324.0,6438.0,470.0,7336.0,2021-05-01,0.2883891775667443,0.021053574628202832
RBS,22866.0,6608.0,404.0,8042.0,2021-06-01,0.2889880171433569,0.01766815359048369
RBS,24192.0,6616.0,374.0,7642.0,2021-07-01,0.273478835978836,0.015459656084656085
RBS,25822.0,7290.0,388.0,6704.0,2021-08-01,0.28231740376423203,0.015025946867012625
RBS,25416.0,8324.0,464.0,8018.0,2021-09-01,0.3275102297765187,0.01825621655649984
RBS,36600.0,13706.0,636.0,7062.0,2021-10-01,0.3744808743169399,0.01737704918032787
RBS,37722.0,13730.0,498.0,8130.0,2021-11-01,0.363978580138911,0.013201845077143311
RBS,38254.0,13704.0,436.0,6198.0,2021-12-01,0.358237047106185,0.011397500914937
RBS,38200.0,14514.0,474.0,6600.0,2022-01-01,0.3799476439790576,0.012408376963350785
RBS,39494.0,15238.0,494.0,6352.0,2022-02-01,0.3858307591026485,0.012508229098090849
RBS,41176.0,15910.0,498.0,7222.0,2022-03-01,0.38639013017291624,0.012094423936273557
RBS,43786.0,17450.0,580.0,6092.0,2022-04-01,0.39852921024985155,0.013246243091399077
RBS,45768.0,17496.0,564.0,7860.0,2022-05-01,0.38227582590456216,0.01232302045097011
RBS,47462.0,19378.0,662.0,7272.0,2022-06-01,0.4082845223547259,0.013948000505667692
RBS,48268.0,20900.0,734.0,7582.0,2022-07-01,0.43299908842297175,0.015206762244136902
RBS,48980.0,21892.0,810.0,7824.0,2022-08-01,0.44695794201714983,0.016537362188648427
RBS,48924.0,22562.0,870.0,8494.0,2022-09-01,0.46116425476248873,0.017782683345597253
RBS,49140.0,22300.0,790.0,8008.0,2022-10-01,0.4538054538054538,0.016076516076516077
RBS,45786.0,21022.0,720.0,9582.0,2022-11-01,0.45913598043069936,0.01572533088717075
RBS,46546.0,21306.0,730.0,6586.0,2022-12-01,0.457740729600825,0.01568340996003953
RBS,47496.0,20976.0,816.0,8100.0,2023-01-01,0.44163719050025263,0.017180394138453764
RBS,49714.0,22306.0,1198.0,7410.0,2023-02-01,0.44868648670394656,0.024097839642756566
RBS,50276.0,23164.0,1376.0,7540.0,2023-03-01,0.4607367332325563,0.027368923542047896
RBS,52182.0,24786.0,1560.0,6266.0,2023-04-01,0.4749913763366678,0.029895366218236172
RBS,51856.0,24644.0,1800.0,8396.0,2023-05-01,0.4752391237272447,0.03471150879358223
RBS,50982.0,24522.0,2008.0,9568.0,2023-06-01,0.4809932917500294,0.03938645011965007
RBS,49824.0,24454.0,1828.0,8306.0,2023-07-01,0.49080764290301865,0.03668914579319204
RBS,49938.0,24722.0,1608.0,7810.0,2023-08-01,0.4950538667948256,0.032199927910609154
RBS,52270.0,25856.0,1532.0,7036.0,2023-10-01,0.4946623302085326,0.029309355270709776
RBS,53482.0,25274.0,1564.0,7190.0,2023-11-01,0.472570210538125,0.029243483788938335
RBS,53102.0,26440.0,1570.0,5852.0,2023-12-01,0.49790968325110163,0.029565741403336974
RBS,53496.0,25268.0,1582.0,6980.0,2024-01-01,0.4723343801405713,0.029572304471362346
RBS,48152.0,21558.0,1402.0,6548.0,2024-02-01,0.44770726034224956,0.029116132247881708
RBS,47870.0,22028.0,1602.0,6372.0,2024-03-01,0.4601629412993524,0.03346563609776478
RBS,49254.0,22062.0,1470.0,7220.0,2024-04-01,0.4479230113290291,0.029845291752954074
RBS,50326.0,22102.0,1446.0,7120.0,2024-05-01,0.4391765687716091,0.028732663036998767
RBS,50422.0,22406.0,1520.0,6936.0,2024-06-01,0.44436952124072826,0.03014557137757328
RBS,49672.0,22364.0,1314.0,7854.0,2024-07-01,0.4502335319697214,0.02645353519085199
RBS,49606.0,22528.0,1120.0,6254.0,2024-08-01,0.4541386122646454,0.02257791396202072
RBS,48946.0,22212.0,840.0,7352.0,2024-09-01,0.4538062354431414,0.01716177011400319
RBS,48398.0,21306.0,812.0,7864.0,2024-10-01,0.4402248026777966,0.016777552791437663
RBS,46632.0,19448.0,702.0,8288.0,2024-11-01,0.41705266769600274,0.01505404014410705
RBS,45956.0,18874.0,508.0,6738.0,2024-12-01,0.41069718861519716,0.011054051701627644
RBS,45416.0,18800.0,620.0,6986.0,2025-01-01,0.4139510304738418,0.013651576536903295
RBS,44618.0,19280.0,644.0,7196.0,2025-02-01,0.43211260029584475,0.014433636648886099
RBS,43576.0,20074.0,514.0,7868.0,2025-03-01,0.4606664218836057,0.011795483752524325
RBS,41924.0,19224.0,748.0,7684.0,2025-04-01,0.45854403205800975,0.017841808987692016
RBS,39670.0,17378.0,696.0,7748.0,2025-05-01,0.4380640282329216,0.017544744139147972
RBS,38194.0,16242.0,790.0,8494.0,2025-06-01,0.4252500392731843,0.020683877048751114
RBS,37574.0,15668.0,804.0,7896.0,2025-07-01,0.41699047213498697,0.021397775057220417
RBS,37520.0,15066.0,856.0,6476.0,2025-08-01,0.401545842217484,0.02281449893390192
RBS,36450.0,13770.0,490.0,8648.0,2025-09-01,0.37777777777777777,0.013443072702331962
RBS,36506.0,13976.0,540.0,8428.0,2025-10-01,0.38284117679285595,0.01479208897167589
RBS,35258.0,13352.0,538.0,8088.0,2025-11-01,0.37869419706165974,0.015258948323784672
RBS,34946.0,13036.0,524.0,7410.0,2025-12-01,0.3730326789904424,0.01499456304011904
RBS,34544.0,13084.0,492.0,7692.0,2026-01-01,0.37876331635016214,0.014242704955998147
RBS,33414.0,12174.0,486.0,7938.0,2026-02-01,0.3643383013108278,0.014544801580175975
RBS,32994.0,10406.0,424.0,9056.0,2026-03-01,0.31539067709280477,0.01285082136145966
RBT,29902.0,2680.0,0.0,11550.0,2019-04-01,0.0896261119657548,0.0
RBT,30452.0,2538.0,0.0,12476.0,2019-05-01,0.08334427952187048,0.0
RBT,31136.0,2470.0,0.0,11706.0,2019-06-01,0.07932939362795478,0.0
RBT,30868.0,2440.0,0.0,13394.0,2019-07-01,0.07904626150058312,0.0
RBT,30870.0,2468.0,0.0,11850.0,2019-08-01,0.07994816974408811,0.0
RBT,30322.0,2292.0,0.0,12670.0,2019-09-01,0.07558868148539015,0.0
RBT,29348.0,2324.0,4.0,14070.0,2019-10-01,0.07918767888782881,0.0001362954886193267
RBT,29426.0,2298.0,0.0,12174.0,2019-11-01,0.07809420240603548,0.0
RBT,29798.0,2594.0,0.0,12052.0,2019-12-01,0.0870528223370696,0.0
RBT,30660.0,2754.0,0.0,13324.0,2020-01-01,0.0898238747553816,0.0
RBT,30994.0,2898.0,0.0,12058.0,2020-02-01,0.09350196812286249,0.0
RBT,29758.0,3656.0,2.0,10174.0,2020-03-01,0.12285771893272397,6.720881779689495e-05
RBT,27810.0,5838.0,8.0,5092.0,2020-04-01,0.2099244875943905,0.00028766630708378283
RBT,27424.0,8624.0,46.0,5208.0,2020-05-01,0.3144690781796966,0.001677362893815636
RBT,28126.0,11824.0,110.0,7348.0,2020-06-01,0.42039394154874493,0.003910972054326957
RBT,30572.0,14130.0,230.0,7848.0,2020-07-01,0.4621876226612587,0.007523223864974487
RBT,31860.0,12572.0,330.0,7886.0,2020-08-01,0.394601381042059,0.010357815442561206
RBT,33310.0,10414.0,324.0,9890.0,2020-09-01,0.31263884719303514,0.009726808766136295
RBT,34366.0,9156.0,362.0,9592.0,2020-10-01,0.2664261188383868,0.01053366699644998
RBT,34938.0,8580.0,432.0,10834.0,2020-11-01,0.24557788081744805,0.012364760432766615
RBT,36518.0,8998.0,718.0,8728.0,2020-12-01,0.24639903609179034,0.01966153677638425
RBT,38340.0,10430.0,1080.0,7674.0,2021-01-01,0.2720396452790819,0.028169014084507043
RBT,39932.0,11720.0,1580.0,8074.0,2021-02-01,0.2934989482119603,0.03956726434939397
RBT,42444.0,12992.0,1756.0,10694.0,2021-03-01,0.3060974460465555,0.041372160965036285
RBT,43508.0,14114.0,1510.0,9712.0,2021-04-01,0.324400110324538,0.03470626091753241
RBT,46798.0,14524.0,1170.0,9384.0,2021-05-01,0.31035514338219583,0.025001068421727425
RBT,50186.0,15422.0,922.0,11170.0,2021-06-01,0.30729685569680787,0.01837165743434424
RBT,52824.0,17022.0,858.0,10828.0,2021-07-01,0.3222398909586552,0.016242616992276238
RBT,53950.0,18482.0,848.0,8728.0,2021-08-01,0.3425764596848934,0.01571825764596849
RBT,54640.0,19712.0,980.0,11310.0,2021-09-01,0.36076134699853585,0.01793557833089312
RBT,58864.0,21346.0,1092.0,11720.0,2021-10-01,0.3626325088339223,0.018551236749116608
RBT,55702.0,20916.0,1192.0,12544.0,2021-11-01,0.37549818677964886,0.021399590678970234
RBT,59566.0,22992.0,1368.0,10580.0,2021-12-01,0.3859920088641171,0.022966121613000705
RBT,60088.0,23540.0,1588.0,10654.0,2022-01-01,0.39175875382771935,0.026427905738250566
RBT,61126.0,24160.0,1832.0,10820.0,2022-02-01,0.39524915747799627,0.029970879822007003
RBT,63504.0,25166.0,2110.0,11756.0,2022-03-01,0.39628999748047367,0.0332262534643487
RBT,64238.0,26358.0,2228.0,10176.0,2022-04-01,0.4103178803823282,0.03468352065755472
RBT,66568.0,26000.0,2312.0,11852.0,2022-05-01,0.39057805552217284,0.03473140247566398
RBT,68214.0,27212.0,2542.0,10878.0,2022-06-01,0.3989210426012256,0.03726507755006304
RBT,66176.0,27154.0,2730.0,10060.0,2022-07-01,0.41033002901353965,0.04125362669245648
RBT,68270.0,28014.0,2910.0,11692.0,2022-08-01,0.410341291929105,0.04262487183243006
RBT,73480.0,31190.0,3090.0,11898.0,2022-09-01,0.42446924333151875,0.042052259118127384
RBT,73514.0,31572.0,3272.0,12476.0,2022-10-01,0.42946921674783034,0.044508528987675815
RBT,73238.0,31330.0,3322.0,14612.0,2022-11-01,0.4277833911357492,0.04535896665665365
RBT,72512.0,32170.0,3464.0,11066.0,2022-12-01,0.4436507060900265,0.04777140335392763
RBT,74882.0,31834.0,3722.0,12034.0,2023-01-01,0.42512219224913866,0.04970486899388371
RBT,75356.0,31032.0,3398.0,12360.0,2023-02-01,0.41180529752109984,0.045092626997186684
RBT,77370.0,31998.0,3628.0,14100.0,2023-03-01,0.4135711516091508,0.04689156003618974
RBT,79426.0,33846.0,4006.0,10076.0,2023-04-01,0.42613250069246844,0.0504368846473447
RBT,77128.0,32394.0,4494.0,13778.0,2023-05-01,0.4200031117104035,0.05826677730525879
RBT,78810.0,33656.0,5002.0,12876.0,2023-06-01,0.42705240451719323,0.06346910290572262
RBT,80790.0,35332.0,5144.0,13106.0,2023-07-01,0.4373313528902092,0.06367124644139126
RBT,82886.0,36884.0,5726.0,12946.0,2023-08-01,0.44499674251381416,0.06908283666722968
RBT,84790.0,38862.0,6124.0,12444.0,2023-09-01,0.45833235051303217,0.07222549828989268
RBT,83124.0,39254.0,5424.0,15468.0,2023-10-01,0.4722342524421346,0.06525191280496608
RBT,81188.0,40188.0,5126.0,12530.0,2023-11-01,0.49499926097452823,0.06313740946937971
RBT,81260.0,40388.0,5190.0,12288.0,2023-12-01,0.49702190499630816,0.06386906226925917
RBT,80464.0,38938.0,4702.0,15176.0,2024-01-01,0.4839182740107377,0.058436070789421354
RBT,80500.0,37814.0,4318.0,14136.0,2024-02-01,0.4697391304347826,0.05363975155279503
RBT,77168.0,36094.0,3738.0,13894.0,2024-03-01,0.46773273895915407,0.04843976777939042
RBT,77082.0,34730.0,3398.0,13732.0,2024-04-01,0.45055914480682907,0.04408292467761604
RBT,77020.0,34344.0,3440.0,14050.0,2024-05-01,0.44591015320695926,0.04466372370812776
RBT,75674.0,34620.0,3684.0,13172.0,2024-06-01,0.457488701535534,0.04868250654121627
RBT,76366.0,34492.0,3624.0,15272.0,2024-07-01,0.45166697221276486,0.04745567399104313
RBT,78936.0,36046.0,4388.0,12790.0,2024-08-01,0.4566484240397284,0.05558933819803385
RBT,79420.0,36182.0,4296.0,14686.0,2024-09-01,0.4555779400654747,0.05409216821959204
RBT,79530.0,36416.0,4422.0,15680.0,2024-10-01,0.45789010436313343,0.05560165975103734
RBT,77686.0,35748.0,4404.0,15324.0,2024-11-01,0.46016013181268184,0.05668975104909507
RBT,75824.0,35792.0,4000.0,13668.0,2024-12-01,0.47204051487655624,0.05275374551593163
RBT,75416.0,35526.0,3748.0,15728.0,2025-01-01,0.47106714755489554,0.04969767688554153
RBT,74600.0,33916.0,3264.0,15316.0,2025-02-01,0.45463806970509385,0.04375335120643432
RBT,73534.0,31790.0,2908.0,16328.0,2025-03-01,0.43231702341773875,0.039546332308863924
RBT,71172.0,31930.0,3226.0,14344.0,2025-04-01,0.44863148429157534,0.04532681391558478
RBT,72516.0,31500.0,3424.0,13810.0,2025-05-01,0.43438689392685753,0.04721716586684318
RBT,78436.0,34736.0,4068.0,10870.0,2025-06-01,0.44285787138558824,0.05186394002753838
RBT,84244.0,38612.0,4106.0,11980.0,2025-07-01,0.4583353117135939,0.048739376098001046
RBT,88702.0,40078.0,4102.0,12860.0,2025-08-01,0.4518274672498929,0.04624472954386598
RBT,87434.0,39492.0,3676.0,18508.0,2025-09-01,0.4516778369970492,0.04204314111215317
RBT,86440.0,39042.0,2986.0,20552.0,2025-10-01,0.4516658954187876,0.034544192503470614
RBT,83826.0,38032.0,2288.0,18164.0,2025-11-01,0.45370171545821103,0.027294634123064442
RBT,79188.0,36536.0,1724.0,17322.0,2025-12-01,0.46138303783401524,0.02177097540031318
RBT,74824.0,33984.0,1600.0,17456.0,2026-01-01,0.45418582273067465,0.021383513311237036
RBT,69122.0,29550.0,1254.0,17658.0,2026-02-01,0.4275049911750239,0.018141836173721827
RBT,61170.0,22954.0,818.0,18464.0,2026-03-01,0.3752493052149747,0.013372568252411312
REM,37060.0,3822.0,0.0,14500.0,2019-04-01,0.10313005936319482,0.0
REM,38758.0,3850.0,0.0,15498.0,2019-05-01,0.09933433097683059,0.0
REM,40106.0,4424.0,0.0,14000.0,2019-06-01,0.11030768463571536,0.0
REM,39422.0,4766.0,0.0,17002.0,2019-07-01,0.12089696108771752,0.0
REM,41934.0,5630.0,0.0,13838.0,2019-08-01,0.1342585968426575,0.0
REM,41676.0,5652.0,0.0,14984.0,2019-09-01,0.1356176216527498,0.0
REM,99122.0,14764.0,0.0,35230.0,2019-10-01,0.14894776134460563,0.0
REM,98840.0,15586.0,0.0,31758.0,2019-11-01,0.1576891946580332,0.0
REM,99236.0,17208.0,0.0,25778.0,2019-12-01,0.17340481276955944,0.0
REM,97514.0,17674.0,0.0,33004.0,2020-01-01,0.18124576983817708,0.0
REM,98160.0,18108.0,0.0,29730.0,2020-02-01,0.18447432762836186,0.0
REM,93180.0,21190.0,2.0,27654.0,2020-03-01,0.22740931530371325,2.1463833440652502e-05
REM,84720.0,26498.0,24.0,11912.0,2020-04-01,0.3127714825306893,0.00028328611898016995
REM,80654.0,32840.0,172.0,11624.0,2020-05-01,0.4071713740174077,0.002132566270736727
REM,79134.0,41664.0,498.0,15974.0,2020-06-01,0.5264993555235423,0.006293123057093032
REM,83604.0,48754.0,1038.0,18428.0,2020-07-01,0.5831539160805703,0.012415673891201379
REM,85720.0,44550.0,1396.0,17360.0,2020-08-01,0.519715352309846,0.01628558096126925
REM,81942.0,36278.0,1700.0,23248.0,2020-09-01,0.44272778306607113,0.020746381586976153
REM,86348.0,32832.0,2624.0,21986.0,2020-10-01,0.38022884143234353,0.030388659841571315
REM,88376.0,30854.0,3592.0,21102.0,2020-11-01,0.3491219335566217,0.04064451887390242
REM,90258.0,31852.0,4708.0,20168.0,2020-12-01,0.3528994659753152,0.0521615812448758
REM,93300.0,33756.0,6888.0,19866.0,2021-01-01,0.3618006430868167,0.07382636655948553
REM,96006.0,35328.0,8996.0,19492.0,2021-02-01,0.3679770014374102,0.0937024769285253
REM,99306.0,36242.0,10208.0,24942.0,2021-03-01,0.36495277223934103,0.10279338609953075
REM,104470.0,38298.0,9660.0,22042.0,2021-04-01,0.36659328036756966,0.0924667368622571
REM,112446.0,39506.0,8962.0,19308.0,2021-05-01,0.3513330843249204,0.07970047845187912
REM,117716.0,40510.0,8378.0,22418.0,2021-06-01,0.3441333378640117,0.07117129362193754
REM,123960.0,44912.0,9044.0,21068.0,2021-07-01,0.3623104227170055,0.07295901903839948
REM,129520.0,49366.0,9794.0,18332.0,2021-08-01,0.3811457689932057,0.07561766522544781
REM,133854.0,55202.0,11104.0,22994.0,2021-09-01,0.4124045601924485,0.08295605659898098
REM,140734.0,59578.0,12302.0,21854.0,2021-10-01,0.4233376440661105,0.0874131339974704
REM,141916.0,60374.0,12164.0,26864.0,2021-11-01,0.42542067138307166,0.0857126751035824
REM,140510.0,64372.0,11712.0,23118.0,2021-12-01,0.45813109387232226,0.08335349797167461
REM,146074.0,66256.0,12208.0,25332.0,2022-01-01,0.4535783233155798,0.08357407889152074
REM,148542.0,67852.0,11686.0,26844.0,2022-02-01,0.45678663273686904,0.07867135221014931
REM,155644.0,71562.0,12860.0,28202.0,2022-03-01,0.45978001079386294,0.0826244506694765
REM,161158.0,76124.0,14598.0,20770.0,2022-04-01,0.47235632112585163,0.0905819134017548
REM,165254.0,76226.0,15990.0,26606.0,2022-05-01,0.4612656879712443,0.0967601389376354
REM,167546.0,80868.0,17534.0,25090.0,2022-06-01,0.48266147804185117,0.10465185680350471
REM,169334.0,86246.0,19914.0,24132.0,2022-07-01,0.5093247664379275,0.11760189920512124
REM,173196.0,88778.0,20460.0,24742.0,2022-08-01,0.5125868957712649,0.11813205847710109
REM,174088.0,89810.0,20368.0,26492.0,2022-09-01,0.5158885161527503,0.11699829971049125
REM,176292.0,89688.0,20968.0,24320.0,2022-10-01,0.5087468518140358,0.11893903296803031
REM,173164.0,88930.0,20556.0,29706.0,2022-11-01,0.5135594003372526,0.1187082765470883
REM,172900.0,91662.0,19350.0,20844.0,2022-12-01,0.5301445922498554,0.1119144013880856
REM,165218.0,84416.0,15032.0,29040.0,2023-01-01,0.510937064968708,0.09098282269486375
REM,158370.0,78106.0,12668.0,28952.0,2023-02-01,0.49318684094209764,0.0799898970764665
REM,156360.0,76000.0,12206.0,31212.0,2023-03-01,0.48605781529803016,0.07806344333589153
REM,157974.0,76606.0,12456.0,22806.0,2023-04-01,0.4849278995277704,0.07884841809411676
REM,158538.0,73882.0,11008.0,28802.0,2023-05-01,0.4660207647377916,0.06943445735407285
REM,157278.0,73910.0,9288.0,30162.0,2023-06-01,0.4699322219255077,0.05905466753137756
REM,157484.0,72912.0,7856.0,26176.0,2023-07-01,0.4629803662594295,0.04988443270427472
REM,160784.0,74702.0,8008.0,25402.0,2023-08-01,0.46461090655786647,0.04980595084087969
REM,157976.0,73420.0,7520.0,26824.0,2023-09-01,0.4647541398693472,0.04760216741783562
REM,156854.0,70602.0,5864.0,29294.0,2023-10-01,0.45011284379104133,0.03738508421844518
REM,155922.0,71092.0,4702.0,30558.0,2023-11-01,0.4559459216787881,0.030156103692872076
REM,155238.0,75232.0,3586.0,22908.0,2023-12-01,0.48462361019853384,0.023100014171787836
REM,156070.0,74406.0,3356.0,27668.0,2024-01-01,0.47674761325046455,0.021503171653745115
REM,156382.0,73888.0,2914.0,27152.0,2024-02-01,0.47248404547837985,0.018633858116663043
REM,152404.0,73182.0,3346.0,26072.0,2024-03-01,0.4801842471326212,0.021954804335844205
REM,153856.0,71810.0,3378.0,26218.0,2024-04-01,0.46673512895174707,0.021955594841930118
REM,154038.0,70766.0,4068.0,25698.0,2024-05-01,0.4594061205676521,0.026409067892338253
REM,154150.0,70798.0,4754.0,24266.0,2024-06-01,0.45927992215374636,0.030840090820629256
REM,152428.0,70700.0,5154.0,26420.0,2024-07-01,0.4638255438633322,0.033812685333403314
REM,152638.0,71956.0,5910.0,22412.0,2024-08-01,0.47141603008425165,0.03871906078433942
REM,149828.0,71320.0,5378.0,25062.0,2024-09-01,0.4760124943268281,0.03589449235122941
REM,142988.0,64902.0,4286.0,28552.0,2024-10-01,0.4538982292220326,0.029974543318320418
REM,142846.0,63174.0,4300.0,24774.0,2024-11-01,0.4422524956946642,0.030102347983142687
REM,144628.0,65806.0,4292.0,20794.0,2024-12-01,0.4550017977155184,0.02967613463506375
REM,143496.0,66474.0,4742.0,23822.0,2025-01-01,0.4632463622679378,0.03304621731616212
REM,142624.0,66632.0,4754.0,24136.0,2025-02-01,0.46718644828359884,0.033332398474310077
REM,143656.0,67136.0,4952.0,25278.0,2025-03-01,0.46733864231219024,0.03447123684357075
REM,142460.0,65924.0,6038.0,22426.0,2025-04-01,0.4627544573915485,0.04238382703916889
REM,139330.0,63652.0,6228.0,22588.0,2025-05-01,0.4568434651546688,0.04469963396253499
REM,138198.0,61114.0,5712.0,25180.0,2025-06-01,0.44222058206341625,0.04133200191030261
REM,133674.0,58906.0,5050.0,26050.0,2025-07-01,0.44066909047383934,0.03777847599383575
REM,135190.0,59400.0,4698.0,21668.0,2025-08-01,0.43938161106590723,0.03475109105703084
REM,133170.0,58612.0,4226.0,25140.0,2025-09-01,0.44012915821881804,0.03173387399564467
REM,132660.0,57944.0,3350.0,26730.0,2025-10-01,0.43678576812905173,0.025252525252525252
REM,129258.0,56214.0,3034.0,23970.0,2025-11-01,0.43489764656733043,0.023472434975011218
REM,127982.0,57250.0,2118.0,21828.0,2025-12-01,0.4473285305746121,0.016549202231563812
REM,128162.0,57012.0,1962.0,23268.0,2026-01-01,0.4448432452677081,0.015308749863454065
REM,125640.0,53256.0,1752.0,25250.0,2026-02-01,0.4238777459407832,0.013944603629417383
REM,121300.0,45870.0,1120.0,28716.0,2026-03-01,0.3781533388293487,0.00923330585325639
REN,960.0,26.0,0.0,630.0,2019-04-01,0.027083333333333334,0.0
REN,810.0,18.0,0.0,684.0,2019-05-01,0.022222222222222223,0.0
REN,906.0,14.0,0.0,618.0,2019-06-01,0.01545253863134658,0.0
REN,1048.0,14.0,0.0,686.0,2019-07-01,0.013358778625954198,0.0
REN,1064.0,16.0,0.0,676.0,2019-08-01,0.015037593984962405,0.0
REN,984.0,14.0,0.0,634.0,2019-09-01,0.014227642276422764,0.0
REN,800.0,14.0,0.0,666.0,2019-10-01,0.0175,0.0
REN,916.0,18.0,0.0,562.0,2019-11-01,0.019650655021834062,0.0
REN,960.0,12.0,0.0,522.0,2019-12-01,0.0125,0.0
REN,966.0,20.0,0.0,590.0,2020-01-01,0.020703933747412008,0.0
REN,1144.0,12.0,0.0,600.0,2020-02-01,0.01048951048951049,0.0
REN,1198.0,12.0,0.0,586.0,2020-03-01,0.01001669449081803,0.0
REN,934.0,24.0,0.0,536.0,2020-04-01,0.02569593147751606,0.0
REN,660.0,26.0,0.0,398.0,2020-05-01,0.03939393939393939,0.0
REN,688.0,24.0,0.0,372.0,2020-06-01,0.03488372093023256,0.0
REN,788.0,28.0,0.0,454.0,2020-07-01,0.03553299492385787,0.0
REN,858.0,24.0,0.0,456.0,2020-08-01,0.027972027972027972,0.0
REN,916.0,34.0,0.0,502.0,2020-09-01,0.03711790393013101,0.0
REN,670.0,16.0,0.0,524.0,2020-10-01,0.023880597014925373,0.0
REN,1108.0,8.0,0.0,628.0,2020-11-01,0.007220216606498195,0.0
REN,1256.0,24.0,0.0,564.0,2020-12-01,0.01910828025477707,0.0
REN,1258.0,28.0,0.0,558.0,2021-01-01,0.022257551669316374,0.0
REN,1232.0,26.0,0.0,566.0,2021-02-01,0.021103896103896104,0.0
REN,1606.0,16.0,0.0,934.0,2021-03-01,0.009962640099626401,0.0
REN,2196.0,30.0,0.0,1116.0,2021-04-01,0.01366120218579235,0.0
REN,1996.0,30.0,0.0,1330.0,2021-05-01,0.01503006012024048,0.0
REN,1548.0,18.0,0.0,1298.0,2021-06-01,0.011627906976744186,0.0
REN,1564.0,14.0,0.0,1358.0,2021-07-01,0.008951406649616368,0.0
REN,1696.0,20.0,0.0,1336.0,2021-08-01,0.01179245283018868,0.0
REN,1596.0,32.0,0.0,818.0,2021-09-01,0.020050125313283207,0.0
REN,1440.0,32.0,0.0,838.0,2021-10-01,0.022222222222222223,0.0
REN,1432.0,28.0,0.0,910.0,2021-11-01,0.019553072625698324,0.0
REN,1400.0,14.0,0.0,824.0,2021-12-01,0.01,0.0
REN,1356.0,12.0,0.0,836.0,2022-01-01,0.008849557522123894,0.0
REN,1620.0,42.0,0.0,720.0,2022-02-01,0.025925925925925925,0.0
REN,1820.0,30.0,0.0,994.0,2022-03-01,0.016483516483516484,0.0
REN,1810.0,24.0,0.0,896.0,2022-04-01,0.013259668508287293,0.0
REN,1962.0,34.0,0.0,900.0,2022-05-01,0.017329255861365953,0.0
REN,1890.0,36.0,0.0,910.0,2022-06-01,0.01904761904761905,0.0
REN,1998.0,40.0,0.0,830.0,2022-07-01,0.02002002002002002,0.0
REN,1850.0,62.0,0.0,1092.0,2022-08-01,0.03351351351351351,0.0
REN,1880.0,92.0,0.0,914.0,2022-09-01,0.04893617021276596,0.0
REN,2050.0,64.0,0.0,856.0,2022-10-01,0.03121951219512195,0.0
REN,2136.0,46.0,0.0,898.0,2022-11-01,0.02153558052434457,0.0
REN,2128.0,66.0,0.0,870.0,2022-12-01,0.03101503759398496,0.0
REN,1742.0,28.0,0.0,902.0,2023-01-01,0.016073478760045924,0.0
REN,1860.0,52.0,0.0,814.0,2023-02-01,0.02795698924731183,0.0
REN,2212.0,86.0,0.0,964.0,2023-03-01,0.03887884267631103,0.0
REN,2156.0,86.0,2.0,874.0,2023-04-01,0.039888682745825604,0.0009276437847866419
REN,1886.0,74.0,2.0,1058.0,2023-05-01,0.03923647932131495,0.0010604453870625664
REN,1986.0,58.0,4.0,986.0,2023-06-01,0.02920443101711984,0.002014098690835851
REN,1902.0,72.0,0.0,1026.0,2023-07-01,0.03785488958990536,0.0
REN,1882.0,80.0,0.0,1026.0,2023-08-01,0.04250797024442083,0.0
REN,2082.0,86.0,0.0,1458.0,2023-09-01,0.04130643611911623,0.0
REN,1870.0,82.0,2.0,1702.0,2023-10-01,0.04385026737967915,0.0010695187165775401
REN,2686.0,90.0,4.0,1672.0,2023-11-01,0.03350707371556218,0.0014892032762472078
REN,2980.0,114.0,4.0,1510.0,2023-12-01,0.03825503355704698,0.0013422818791946308
REN,1928.0,84.0,2.0,1596.0,2024-01-01,0.043568464730290454,0.001037344398340249
REN,1872.0,68.0,2.0,1570.0,2024-02-01,0.03632478632478633,0.0010683760683760685
REN,2684.0,130.0,0.0,1294.0,2024-03-01,0.04843517138599106,0.0
REN,2682.0,70.0,0.0,1498.0,2024-04-01,0.02609992542878449,0.0
REN,2728.0,94.0,2.0,1592.0,2024-05-01,0.0344574780058651,0.0007331378299120235
REN,2478.0,94.0,4.0,932.0,2024-06-01,0.037933817594834544,0.0016142050040355124
REN,2560.0,66.0,4.0,1544.0,2024-07-01,0.02578125,0.0015625
REN,2496.0,92.0,0.0,898.0,2024-08-01,0.03685897435897436,0.0
REN,2772.0,116.0,0.0,1336.0,2024-09-01,0.04184704184704185,0.0
REN,1842.0,74.0,0.0,1654.0,2024-10-01,0.04017372421281216,0.0
REN,2534.0,88.0,0.0,1660.0,2024-11-01,0.03472770323599053,0.0
REN,2268.0,86.0,0.0,1574.0,2024-12-01,0.03791887125220458,0.0
REN,1686.0,48.0,0.0,1518.0,2025-01-01,0.028469750889679714,0.0
REN,1966.0,52.0,0.0,820.0,2025-02-01,0.026449643947100712,0.0
REN,2160.0,68.0,0.0,922.0,2025-03-01,0.03148148148148148,0.0
REN,2030.0,40.0,0.0,918.0,2025-04-01,0.019704433497536946,0.0
REN,2192.0,58.0,0.0,966.0,2025-05-01,0.02645985401459854,0.0
REN,2226.0,90.0,0.0,1032.0,2025-06-01,0.04043126684636118,0.0
REN,2312.0,78.0,0.0,1078.0,2025-07-01,0.03373702422145329,0.0
REN,2246.0,88.0,0.0,1038.0,2025-08-01,0.039180765805877114,0.0
REN,1882.0,82.0,0.0,1088.0,2025-09-01,0.04357066950053135,0.0
REN,1982.0,62.0,0.0,988.0,2025-10-01,0.03128153380423814,0.0
REN,1872.0,62.0,0.0,956.0,2025-11-01,0.03311965811965812,0.0
REN,1726.0,88.0,0.0,1020.0,2025-12-01,0.05098493626882966,0.0
REN,1938.0,80.0,0.0,1054.0,2026-01-01,0.0412796697626419,0.0
REN,1538.0,68.0,0.0,1062.0,2026-02-01,0.044213263979193757,0.0
REN,1454.0,52.0,0.0,1228.0,2026-03-01,0.03576341127922971,0.0
REP,11678.0,1804.0,12.0,3940.0,2019-04-01,0.1544785065935948,0.0010275732145915396
REP,12126.0,2056.0,6.0,4890.0,2019-05-01,0.16955302655451096,0.0004948045522018803
REP,12516.0,2296.0,6.0,4584.0,2019-06-01,0.18344519015659955,0.00047938638542665386
REP,12658.0,2278.0,2.0,4866.0,2019-07-01,0.17996523937430875,0.00015800284405119292
REP,12972.0,2208.0,2.0,4218.0,2019-08-01,0.1702127659574468,0.0001541782300339192
REP,12936.0,2162.0,2.0,4722.0,2019-09-01,0.16713048855906,0.00015460729746444033
REP,12966.0,2198.0,6.0,4802.0,2019-10-01,0.1695202838192195,0.00046274872744099955
REP,12646.0,2064.0,10.0,4898.0,2019-11-01,0.16321366439981022,0.0007907638779060573
REP,12274.0,2200.0,2.0,4162.0,2019-12-01,0.1792406713377872,0.00016294606485253382
REP,12734.0,2210.0,0.0,5108.0,2020-01-01,0.17355112297785455,0.0
REP,12854.0,2416.0,0.0,4770.0,2020-02-01,0.18795705616928582,0.0
REP,13114.0,2688.0,0.0,3884.0,2020-03-01,0.20497178587768797,0.0
REP,13120.0,3690.0,4.0,2106.0,2020-04-01,0.28125,0.0003048780487804878
REP,13328.0,4786.0,10.0,1836.0,2020-05-01,0.359093637454982,0.0007503001200480192
REP,13284.0,6284.0,22.0,3010.0,2020-06-01,0.47305028605841615,0.001656127672387835
REP,14594.0,7396.0,58.0,3286.0,2020-07-01,0.5067836097026175,0.003974235987392079
REP,15810.0,6834.0,64.0,3384.0,2020-08-01,0.432258064516129,0.004048070841239722
REP,16550.0,5900.0,44.0,3516.0,2020-09-01,0.3564954682779456,0.0026586102719033233
REP,15944.0,5590.0,52.0,3888.0,2020-10-01,0.3506021073758154,0.003261414952333166
REP,15840.0,5770.0,94.0,3530.0,2020-11-01,0.36426767676767674,0.005934343434343434
REP,17036.0,6346.0,102.0,3090.0,2020-12-01,0.3725052829302653,0.005987320967363231
REP,17868.0,6730.0,212.0,3444.0,2021-01-01,0.37665099619431386,0.011864786209984329
REP,17962.0,6294.0,386.0,4082.0,2021-02-01,0.3504064135396949,0.021489811824963814
REP,19102.0,6680.0,590.0,4470.0,2021-03-01,0.34970160192649985,0.030886818134226782
REP,21768.0,7088.0,436.0,4136.0,2021-04-01,0.32561558250643147,0.020029400955531056
REP,22396.0,6906.0,350.0,4690.0,2021-05-01,0.30835863547061976,0.01562779067690659
REP,23218.0,7560.0,394.0,5460.0,2021-06-01,0.3256094409509863,0.016969592557498494
REP,23564.0,7406.0,420.0,4884.0,2021-07-01,0.3142929893057206,0.017823799015447294
REP,23754.0,7740.0,490.0,4206.0,2021-08-01,0.3258398585501389,0.020628104740254272
REP,24778.0,9610.0,516.0,4804.0,2021-09-01,0.38784405521026716,0.020824925336992494
REP,24916.0,10986.0,586.0,5000.0,2021-10-01,0.4409214962273238,0.023519023920372452
REP,25472.0,11560.0,594.0,5346.0,2021-11-01,0.4538316582914573,0.02331972361809045
REP,26034.0,12796.0,712.0,4074.0,2021-12-01,0.4915111008680956,0.027348851501882154
REP,26962.0,13450.0,814.0,4546.0,2022-01-01,0.4988502336621912,0.030190638676656036
REP,27890.0,14076.0,960.0,4716.0,2022-02-01,0.5046970240229472,0.03442093940480459
REP,28922.0,14892.0,1092.0,4956.0,2022-03-01,0.5149021506119908,0.03775672498444091
REP,30054.0,15722.0,1636.0,4094.0,2022-04-01,0.5231250415918014,0.054435349703866376
REP,31106.0,15872.0,2298.0,4988.0,2022-05-01,0.5102552562206648,0.07387642255513406
REP,32410.0,16870.0,3154.0,4516.0,2022-06-01,0.5205183585313174,0.09731564331996298
REP,33118.0,17768.0,3716.0,4698.0,2022-07-01,0.536505827646597,0.11220484328763815
REP,34362.0,18442.0,4212.0,4920.0,2022-08-01,0.536697514696467,0.12257726558407543
REP,35354.0,19448.0,4696.0,4734.0,2022-09-01,0.5500933416303672,0.1328279685466991
REP,35906.0,19772.0,5128.0,4966.0,2022-10-01,0.550660056815017,0.1428173564306801
REP,35824.0,19950.0,5204.0,5748.0,2022-11-01,0.5568892362661902,0.1452657436355516
REP,36192.0,21030.0,5452.0,4110.0,2022-12-01,0.5810676392572944,0.15064102564102563
REP,36064.0,20804.0,4998.0,5790.0,2023-01-01,0.5768633540372671,0.13858695652173914
REP,35916.0,20722.0,4306.0,5680.0,2023-02-01,0.5769573449159149,0.119890856442811
REP,35374.0,20440.0,3748.0,5952.0,2023-03-01,0.5778255215695143,0.10595352518799118
REP,35434.0,19832.0,3210.0,5092.0,2023-04-01,0.5596884348365976,0.0905909578371056
REP,35820.0,19640.0,3514.0,5406.0,2023-05-01,0.5482970407593524,0.09810161920714684
REP,34182.0,18334.0,2854.0,6546.0,2023-06-01,0.5363641682757007,0.08349423673278333
REP,37418.0,18984.0,2626.0,3136.0,2023-07-01,0.507349404030146,0.07018012721150249
REP,40176.0,19922.0,2714.0,3804.0,2023-08-01,0.49586818000796495,0.06755276782158502
REP,40676.0,20766.0,3018.0,3324.0,2023-09-01,0.5105221752384699,0.07419608614416363
REP,41962.0,21718.0,3364.0,4216.0,2023-10-01,0.5175635098422382,0.08016777084028406
REP,41468.0,21230.0,3502.0,4338.0,2023-11-01,0.5119610301919553,0.08445066075045818
REP,39752.0,21646.0,2968.0,4662.0,2023-12-01,0.5445260615818072,0.07466291004226203
REP,38250.0,21066.0,3214.0,5264.0,2024-01-01,0.5507450980392157,0.08402614379084967
REP,39086.0,21190.0,3188.0,5178.0,2024-02-01,0.5421378498695185,0.08156373125927442
REP,37446.0,20520.0,3126.0,5402.0,2024-03-01,0.5479891043102066,0.08348021150456658
REP,36858.0,20074.0,2920.0,5262.0,2024-04-01,0.5446307450214336,0.07922296380704325
REP,37308.0,19784.0,2556.0,5912.0,2024-05-01,0.5302884099924949,0.06851077516886458
REP,36060.0,18966.0,2010.0,5030.0,2024-06-01,0.5259567387687188,0.05574043261231281
REP,34086.0,17264.0,1638.0,5656.0,2024-07-01,0.5064836003051106,0.04805491990846682
REP,33640.0,16926.0,1554.0,5468.0,2024-08-01,0.5031510107015458,0.04619500594530321
REP,33342.0,16264.0,988.0,5892.0,2024-09-01,0.48779317377481857,0.029632295603143184
REP,32828.0,15734.0,756.0,6286.0,2024-10-01,0.47928597538686485,0.023029121481661995
REP,33260.0,15846.0,834.0,6166.0,2024-11-01,0.47642814191220684,0.02507516536380036
REP,33998.0,16574.0,750.0,4682.0,2024-12-01,0.4874992646626272,0.022060121183599034
REP,33988.0,16766.0,936.0,6114.0,2025-01-01,0.49329175002942216,0.027539131458161704
REP,33548.0,16386.0,880.0,5798.0,2025-02-01,0.48843448193633004,0.026231071896983427
REP,33332.0,16354.0,696.0,5782.0,2025-03-01,0.4906396255850234,0.020880835233409337
REP,33754.0,16794.0,836.0,4928.0,2025-04-01,0.49754103217396456,0.024767434970670143
REP,32742.0,16046.0,904.0,5644.0,2025-05-01,0.49007391118441146,0.02760979781320628
REP,33074.0,16884.0,1188.0,5432.0,2025-06-01,0.5104916248412651,0.03591945334703997
REP,33308.0,17864.0,1990.0,5386.0,2025-07-01,0.5363276089828269,0.0597454065089468
REP,33662.0,18186.0,2814.0,4964.0,2025-08-01,0.5402531043907076,0.08359574594498247
REP,34628.0,18404.0,3344.0,5908.0,2025-09-01,0.5314774171190944,0.096569250317662
REP,31258.0,16222.0,3034.0,7022.0,2025-10-01,0.5189711433872929,0.09706315183313072
REP,28960.0,14774.0,2600.0,6994.0,2025-11-01,0.5101519337016575,0.08977900552486189
REP,28756.0,14400.0,2110.0,7352.0,2025-12-01,0.500765057727083,0.07337599109751008
REP,27392.0,13942.0,1816.0,7460.0,2026-01-01,0.5089807242990654,0.06629672897196262
REP,26744.0,13114.0,1036.0,7686.0,2026-02-01,0.49035297636853126,0.038737660783727194
REP,23720.0,9466.0,558.0,7486.0,2026-03-01,0.39907251264755483,0.023524451939291736
RET,22634.0,2136.0,4.0,4926.0,2019-04-01,0.09437129981443845,0.00017672528055138288
RET,24156.0,2214.0,2.0,5182.0,2019-05-01,0.09165424739195231,8.279516476237788e-05
RET,24518.0,2516.0,2.0,5122.0,2019-06-01,0.10261848437882372,8.157272208173587e-05
RET,24788.0,2770.0,0.0,5252.0,2019-07-01,0.11174761981604002,0.0
RET,25384.0,3164.0,0.0,4716.0,2019-08-01,0.12464544595020485,0.0
RET,25378.0,3218.0,2.0,5908.0,2019-09-01,0.12680274253290252,7.880841673890771e-05
RET,25608.0,3656.0,2.0,6004.0,2019-10-01,0.14276788503592627,7.810059356451109e-05
RET,24030.0,3400.0,2.0,5802.0,2019-11-01,0.14148980441115272,8.322929671244278e-05
RET,22726.0,3162.0,0.0,4898.0,2019-12-01,0.13913579160432984,0.0
RET,23258.0,3512.0,0.0,5558.0,2020-01-01,0.15100180583025197,0.0
RET,23260.0,3856.0,0.0,5076.0,2020-02-01,0.1657781599312124,0.0
RET,23890.0,4848.0,0.0,3880.0,2020-03-01,0.20293009627459188,0.0
RET,24612.0,7224.0,0.0,780.0,2020-04-01,0.2935153583617747,0.0
RET,25358.0,9718.0,2.0,1198.0,2020-05-01,0.38323211609748403,7.887057338906853e-05
RET,25058.0,12184.0,10.0,3530.0,2020-06-01,0.48623194189480407,0.00039907414797669407
RET,24966.0,12776.0,38.0,4132.0,2020-07-01,0.5117359609068333,0.0015220700152207
RET,24616.0,10478.0,60.0,3570.0,2020-08-01,0.4256581085472863,0.0024374390640233994
RET,24504.0,8234.0,70.0,4850.0,2020-09-01,0.3360267711394058,0.0028566764609859615
RET,24138.0,7054.0,152.0,4320.0,2020-10-01,0.29223630789626315,0.006297124865357527
RET,23124.0,5858.0,252.0,4878.0,2020-11-01,0.2533298737242692,0.010897768552153606
RET,23906.0,5786.0,278.0,3924.0,2020-12-01,0.24203128921609637,0.011628879779134946
RET,23402.0,5542.0,450.0,4234.0,2021-01-01,0.23681736603709086,0.01922912571575079
RET,22508.0,5110.0,604.0,4404.0,2021-02-01,0.22703038919495291,0.02683490314554825
RET,23594.0,4382.0,552.0,5080.0,2021-03-01,0.18572518436890734,0.023395778587776552
RET,23612.0,4412.0,434.0,4184.0,2021-04-01,0.18685414196171438,0.01838048449940708
RET,24308.0,4114.0,334.0,4636.0,2021-05-01,0.16924469310515056,0.013740332400855685
RET,24508.0,3974.0,278.0,5586.0,2021-06-01,0.1621511343234862,0.01134323486208585
RET,24902.0,4376.0,252.0,4744.0,2021-07-01,0.17572885711991004,0.010119669102883302
RET,26682.0,4804.0,232.0,4122.0,2021-08-01,0.18004647327786522,0.008695000374784498
RET,25070.0,4910.0,194.0,5300.0,2021-09-01,0.19585161547666532,0.007738332668528121
RET,25092.0,4788.0,194.0,5512.0,2021-10-01,0.1908177905308465,0.007731547903714331
RET,24098.0,4146.0,156.0,6040.0,2021-11-01,0.17204747281932112,0.006473566271059839
RET,25436.0,4912.0,204.0,4590.0,2021-12-01,0.1931121245478849,0.008020128951092938
RET,24232.0,4668.0,216.0,5326.0,2022-01-01,0.19263783426873557,0.008913832948167713
RET,25114.0,4522.0,206.0,5204.0,2022-02-01,0.1800589312733933,0.008202596161503544
RET,24672.0,4306.0,236.0,6014.0,2022-03-01,0.17452983138780803,0.00956549935149157
RET,27604.0,5988.0,266.0,4350.0,2022-04-01,0.2169250833212578,0.009636284596435299
RET,28332.0,5650.0,284.0,5450.0,2022-05-01,0.19942114923055201,0.010024001129464916
RET,27682.0,5626.0,254.0,5480.0,2022-06-01,0.2032367603496857,0.00917563759843942
RET,28598.0,5848.0,314.0,5032.0,2022-07-01,0.20448982446324918,0.01097978879641933
RET,29792.0,6166.0,316.0,5382.0,2022-08-01,0.20696831364124596,0.01060687432867884
RET,30122.0,6488.0,322.0,5754.0,2022-09-01,0.21539074430648694,0.010689861230993958
RET,30218.0,6630.0,324.0,5664.0,2022-10-01,0.21940565226024225,0.010722086173803692
RET,30700.0,6670.0,296.0,6554.0,2022-11-01,0.21726384364820847,0.009641693811074919
RET,30314.0,7460.0,258.0,4426.0,2022-12-01,0.24609091508873787,0.008510919047304876
RET,29046.0,7276.0,212.0,5938.0,2023-01-01,0.25049920815258553,0.0072987674722853405
RET,29748.0,7568.0,134.0,5382.0,2023-02-01,0.254403657388732,0.0045045045045045045
RET,31494.0,8288.0,116.0,5868.0,2023-03-01,0.2631612370610275,0.003683241252302026
RET,32480.0,9002.0,118.0,4578.0,2023-04-01,0.2771551724137931,0.0036330049261083745
RET,33042.0,8818.0,136.0,5548.0,2023-05-01,0.26687246534713394,0.004115973609345681
RET,33722.0,9958.0,114.0,6462.0,2023-06-01,0.2952968388589052,0.00338058240910978
RET,34654.0,11090.0,132.0,5744.0,2023-07-01,0.32002077682230046,0.0038090840884169217
RET,36900.0,12724.0,142.0,5620.0,2023-08-01,0.3448238482384824,0.003848238482384824
RET,37568.0,13996.0,166.0,5856.0,2023-09-01,0.3725511073253833,0.004418654173764906
RET,38694.0,14978.0,186.0,6120.0,2023-10-01,0.38708843748384764,0.004806946813459451
RET,38638.0,15448.0,208.0,6714.0,2023-11-01,0.39981365495108445,0.005383301413116621
RET,39114.0,16666.0,170.0,4878.0,2023-12-01,0.42608784578411824,0.0043462698777931175
RET,38290.0,16504.0,124.0,5914.0,2024-01-01,0.4310263776442935,0.0032384434578218856
RET,38582.0,16922.0,132.0,5918.0,2024-02-01,0.4385983100927894,0.0034212845368306465
RET,39508.0,17902.0,232.0,5144.0,2024-03-01,0.4531234180419156,0.005872228409436063
RET,41214.0,18878.0,410.0,4968.0,2024-04-01,0.45804823603629835,0.009948075896540011
RET,42204.0,19106.0,614.0,5512.0,2024-05-01,0.45270590465358734,0.014548384039427542
RET,41782.0,19044.0,764.0,5910.0,2024-06-01,0.4557943612081758,0.018285386051409697
RET,40598.0,18588.0,1008.0,7000.0,2024-07-01,0.4578550667520567,0.024828809300950785
RET,41572.0,18410.0,1080.0,6120.0,2024-08-01,0.4428461464447224,0.025979024343307996
RET,41492.0,18056.0,1050.0,7112.0,2024-09-01,0.43516822520003856,0.025306083100356695
RET,40770.0,17476.0,854.0,7694.0,2024-10-01,0.4286485160657346,0.020946774589158695
RET,39504.0,16802.0,818.0,6896.0,2024-11-01,0.42532401782098017,0.02070676387201296
RET,39258.0,17160.0,672.0,5632.0,2024-12-01,0.43710836007947423,0.01711753018493046
RET,38486.0,16630.0,596.0,7408.0,2025-01-01,0.4321051811048173,0.015486150808086057
RET,37216.0,15544.0,460.0,7008.0,2025-02-01,0.41766981943250214,0.012360275150472914
RET,35596.0,14272.0,404.0,7590.0,2025-03-01,0.4009439262838521,0.01134958984155523
RET,35658.0,14118.0,526.0,6102.0,2025-04-01,0.39592798250042066,0.01475124796679567
RET,35760.0,13448.0,538.0,5902.0,2025-05-01,0.3760626398210291,0.015044742729306488
RET,35538.0,13440.0,494.0,6270.0,2025-06-01,0.37818672969778827,0.013900613427880015
RET,35654.0,13798.0,536.0,7134.0,2025-07-01,0.38699725136029617,0.015033376339260673
RET,36938.0,14314.0,602.0,5682.0,2025-08-01,0.3875142130055769,0.01629757972819319
RET,36378.0,13994.0,638.0,7414.0,2025-09-01,0.3846830501951729,0.017538072461377757
RET,35924.0,14110.0,630.0,7412.0,2025-10-01,0.3927736332256987,0.017537022603273576
RET,34920.0,13418.0,498.0,7450.0,2025-11-01,0.38424971363115695,0.014261168384879725
RET,34662.0,13064.0,504.0,6424.0,2025-12-01,0.37689688996595694,0.014540418902544573
RET,32854.0,12458.0,442.0,7862.0,2026-01-01,0.37919279235405123,0.013453460765812383
RET,32266.0,12024.0,380.0,7236.0,2026-02-01,0.3726523275274283,0.011777102832703156
RET,30920.0,11086.0,320.0,7654.0,2026-03-01,0.35853816300129365,0.01034928848641656
RJN,15564.0,3128.0,10.0,5952.0,2019-04-01,0.20097661269596503,0.0006425083526085839
RJN,15188.0,2866.0,6.0,6404.0,2019-05-01,0.18870160653147222,0.0003950487226757967
RJN,14720.0,2490.0,6.0,5962.0,2019-06-01,0.16915760869565216,0.0004076086956521739
RJN,14544.0,2116.0,2.0,6506.0,2019-07-01,0.1454895489548955,0.0001375137513751375
RJN,14604.0,2154.0,2.0,5210.0,2019-08-01,0.147493837304848,0.0001369487811558477
RJN,14076.0,2032.0,0.0,6258.0,2019-09-01,0.14435919295254335,0.0
RJN,13984.0,1986.0,0.0,6614.0,2019-10-01,0.14201945080091533,0.0
RJN,13682.0,1898.0,0.0,6360.0,2019-11-01,0.1387224090045315,0.0
RJN,13468.0,1840.0,0.0,5406.0,2019-12-01,0.1366201366201366,0.0
RJN,13364.0,1792.0,2.0,6174.0,2020-01-01,0.13409158934450763,0.000149655791679138
RJN,14256.0,2046.0,6.0,5336.0,2020-02-01,0.14351851851851852,0.00042087542087542086
RJN,14154.0,2632.0,10.0,4694.0,2020-03-01,0.18595450049455983,0.0007065140596297867
RJN,14596.0,3832.0,30.0,2148.0,2020-04-01,0.26253768155659085,0.0020553576322280076
RJN,14648.0,5194.0,72.0,2170.0,2020-05-01,0.3545876570180229,0.004915346805024577
RJN,15210.0,7446.0,172.0,2760.0,2020-06-01,0.48954635108481265,0.011308349769888232
RJN,15822.0,9226.0,294.0,3296.0,2020-07-01,0.5831121223612691,0.018581721653394008
RJN,17316.0,8730.0,396.0,3046.0,2020-08-01,0.5041580041580042,0.02286902286902287
RJN,18406.0,8288.0,502.0,4074.0,2020-09-01,0.45028794958165813,0.027273715092904487
RJN,18536.0,7550.0,526.0,4484.0,2020-10-01,0.4073154941735002,0.028377211911955115
RJN,19472.0,7692.0,646.0,4670.0,2020-11-01,0.39502875924404274,0.03317584223500411
RJN,19574.0,8020.0,708.0,4114.0,2020-12-01,0.4097271891284357,0.03617043016246041
RJN,19394.0,8582.0,1094.0,3564.0,2021-01-01,0.4425079921625245,0.056409198721253995
RJN,19550.0,8910.0,1520.0,3520.0,2021-02-01,0.45575447570332484,0.07774936061381074
RJN,20008.0,8962.0,1582.0,4552.0,2021-03-01,0.44792083166733304,0.07906837265093962
RJN,20060.0,9010.0,1322.0,4764.0,2021-04-01,0.4491525423728814,0.06590229312063808
RJN,19346.0,8058.0,1070.0,4958.0,2021-05-01,0.4165202108963093,0.05530859092318825
RJN,18660.0,7330.0,844.0,5010.0,2021-06-01,0.3928188638799571,0.045230439442658095
RJN,18244.0,7022.0,772.0,4912.0,2021-07-01,0.38489366367024774,0.042315281736461305
RJN,17590.0,6134.0,726.0,4484.0,2021-08-01,0.3487208641273451,0.04127345082433201
RJN,17700.0,5892.0,730.0,4992.0,2021-09-01,0.3328813559322034,0.04124293785310734
RJN,17860.0,5766.0,774.0,4494.0,2021-10-01,0.32284434490481523,0.043337066069428894
RJN,17792.0,5876.0,902.0,4940.0,2021-11-01,0.33026079136690645,0.05069694244604316
RJN,18214.0,6536.0,924.0,4170.0,2021-12-01,0.3588448446250137,0.05073020753266718
RJN,17714.0,6568.0,874.0,4808.0,2022-01-01,0.37078017387377216,0.049339505475894774
RJN,16992.0,6144.0,778.0,4692.0,2022-02-01,0.3615819209039548,0.04578625235404896
RJN,17230.0,6174.0,746.0,4732.0,2022-03-01,0.3583284968078932,0.043296575739988394
RJN,17252.0,6142.0,698.0,4058.0,2022-04-01,0.35601669371667055,0.0404590772084396
RJN,17660.0,5844.0,622.0,4850.0,2022-05-01,0.33091732729331824,0.03522083805209513
RJN,18604.0,5808.0,670.0,4610.0,2022-06-01,0.31219092668243387,0.036013760481616856
RJN,20910.0,5934.0,698.0,4270.0,2022-07-01,0.28378766140602585,0.03338115734098517
RJN,19482.0,5926.0,630.0,4998.0,2022-08-01,0.3041782157889334,0.03233754234678164
RJN,19528.0,5864.0,508.0,5074.0,2022-09-01,0.3002867677181483,0.02601392871773863
RJN,20630.0,6418.0,474.0,4382.0,2022-10-01,0.311100339311682,0.022976248182258845
RJN,21436.0,7002.0,426.0,5314.0,2022-11-01,0.326646762455682,0.019873110654972943
RJN,21796.0,7776.0,350.0,4284.0,2022-12-01,0.3567627087538998,0.0160579922921637
RJN,22402.0,8056.0,342.0,4696.0,2023-01-01,0.35961074904026424,0.015266494063030087
RJN,23462.0,8702.0,430.0,4320.0,2023-02-01,0.3708976216861308,0.01832750831131191
RJN,24582.0,9824.0,530.0,4522.0,2023-03-01,0.39964201448214143,0.021560491416483606
RJN,24480.0,10012.0,604.0,3892.0,2023-04-01,0.40898692810457515,0.024673202614379084
RJN,25178.0,10764.0,704.0,4912.0,2023-05-01,0.4275160854714433,0.02796091826197474
RJN,25756.0,11492.0,830.0,5060.0,2023-06-01,0.4461872961640006,0.032225500854169906
RJN,26680.0,11850.0,976.0,4194.0,2023-07-01,0.4441529235382309,0.036581709145427285
RJN,27210.0,12340.0,1068.0,4782.0,2023-08-01,0.45350973906651965,0.0392502756339581
RJN,27368.0,12666.0,1136.0,4754.0,2023-09-01,0.4628032738965215,0.04150833089739842
RJN,26780.0,12280.0,1074.0,5568.0,2023-10-01,0.4585511575802838,0.040104555638536224
RJN,26954.0,12160.0,962.0,5526.0,2023-11-01,0.4511389775172516,0.03569043555687468
RJN,26366.0,11980.0,876.0,4862.0,2023-12-01,0.4543730562087537,0.03322460744898733
RJN,25768.0,11492.0,836.0,6366.0,2024-01-01,0.44597950946910897,0.032443340577460414
RJN,26176.0,11294.0,860.0,5712.0,2024-02-01,0.43146393643031783,0.032854523227383865
RJN,26372.0,11418.0,926.0,5316.0,2024-03-01,0.4329591991506143,0.03511299863491582
RJN,25350.0,10118.0,720.0,5548.0,2024-04-01,0.3991321499013807,0.028402366863905324
RJN,24954.0,9848.0,760.0,5786.0,2024-05-01,0.39464614891400174,0.030456039111966017
RJN,25024.0,9926.0,690.0,5498.0,2024-06-01,0.3966592071611253,0.027573529411764705
RJN,24914.0,10218.0,736.0,5842.0,2024-07-01,0.410130850124428,0.029541623183752107
RJN,24652.0,10314.0,674.0,5496.0,2024-08-01,0.41838390394288494,0.027340580885932175
RJN,24894.0,10082.0,612.0,5936.0,2024-09-01,0.4049971880774484,0.024584237165582067
RJN,24818.0,10158.0,478.0,6114.0,2024-10-01,0.4092997018293174,0.019260214360544765
RJN,25522.0,9914.0,494.0,5536.0,2024-11-01,0.38844918109866,0.019355849855027037
RJN,25760.0,10342.0,424.0,4768.0,2024-12-01,0.4014751552795031,0.016459627329192546
RJN,25870.0,10490.0,412.0,5646.0,2025-01-01,0.4054889833784306,0.015925782759953613
RJN,25938.0,10624.0,338.0,5256.0,2025-02-01,0.4095921042485928,0.01303107409977639
RJN,27070.0,10914.0,154.0,5168.0,2025-03-01,0.4031769486516439,0.005688954562246029
RJN,27082.0,11048.0,218.0,5528.0,2025-04-01,0.40794623735322355,0.008049627058562884
RJN,26864.0,10586.0,266.0,5702.0,2025-05-01,0.3940589636688505,0.00990172721858249
RJN,28262.0,13056.0,754.0,1174.0,2025-06-01,0.4619630599391409,0.02667893284268629
RJN,33958.0,13674.0,766.0,3034.0,2025-07-01,0.4026738912774604,0.022557276635844278
RJN,36496.0,14940.0,870.0,3142.0,2025-08-01,0.4093599298553266,0.02383822884699693
RJN,38682.0,16830.0,1218.0,3636.0,2025-09-01,0.4350860865518846,0.031487513572204126
RJN,41578.0,17994.0,1310.0,3752.0,2025-10-01,0.432776949348213,0.0315070469960075
RJN,38840.0,18948.0,1304.0,4042.0,2025-11-01,0.4878475798146241,0.03357363542739444
RJN,38334.0,20666.0,1350.0,4396.0,2025-12-01,0.5391036677622998,0.03521677883862889
RJN,39610.0,19756.0,1112.0,4912.0,2026-01-01,0.4987629386518556,0.028073718757889422
RJN,38918.0,16310.0,1086.0,4988.0,2026-02-01,0.4190862839817051,0.027904825530602806
RJN,32538.0,12992.0,686.0,4802.0,2026-03-01,0.39928698752228164,0.021083041367017025
RJR,45150.0,8234.0,0.0,13472.0,2019-04-01,0.18236987818383169,0.0
RJR,46598.0,8030.0,2.0,14282.0,2019-05-01,0.17232499248894803,4.29202970084553e-05
RJR,45900.0,8698.0,2.0,13678.0,2019-06-01,0.18949891067538127,4.3572984749455335e-05
RJR,46454.0,8856.0,0.0,15972.0,2019-07-01,0.1906402032117794,0.0
RJR,45830.0,8350.0,0.0,13154.0,2019-08-01,0.18219506873227143,0.0
RJR,46286.0,7864.0,0.0,14600.0,2019-09-01,0.1699001858013222,0.0
RJR,47262.0,8302.0,8.0,12378.0,2019-10-01,0.1756590918708476,0.00016926918031399434
RJR,45266.0,8514.0,0.0,11552.0,2019-11-01,0.18808818981133743,0.0
RJR,40166.0,8022.0,2.0,9732.0,2019-12-01,0.19972115719762984,4.979335756610068e-05
RJR,40202.0,8744.0,4.0,11262.0,2020-01-01,0.21750161683498334,9.949753743594846e-05
RJR,41546.0,8824.0,0.0,10390.0,2020-02-01,0.2123910845809464,0.0
RJR,47558.0,11706.0,16.0,11152.0,2020-03-01,0.24614155347155053,0.000336431304932924
RJR,48894.0,16246.0,70.0,3540.0,2020-04-01,0.33226980815642,0.001431668507383319
RJR,49220.0,21050.0,386.0,4072.0,2020-05-01,0.4276716781796018,0.007842340511986998
RJR,50526.0,27190.0,568.0,5732.0,2020-06-01,0.5381387800340419,0.011241736927522464
RJR,53106.0,33580.0,1150.0,7456.0,2020-07-01,0.6323202651301171,0.021654803600346478
RJR,55006.0,32518.0,1756.0,7248.0,2020-08-01,0.5911718721594008,0.031923790131985604
RJR,56782.0,30770.0,3088.0,9534.0,2020-09-01,0.5418970800605826,0.05438343136909584
RJR,56128.0,28958.0,3514.0,10878.0,2020-10-01,0.5159278791334093,0.06260689851767388
RJR,56870.0,29114.0,3988.0,10906.0,2020-11-01,0.5119395111658168,0.07012484614032002
RJR,56328.0,28382.0,4936.0,10890.0,2020-12-01,0.5038701888936231,0.08762959806845619
RJR,58296.0,29286.0,6424.0,8006.0,2021-01-01,0.5023672293124742,0.110196239879237
RJR,59754.0,30108.0,8508.0,10200.0,2021-02-01,0.5038658499849382,0.14238377347123204
RJR,55560.0,28366.0,10694.0,14140.0,2021-03-01,0.5105471562275018,0.19247660187185026
RJR,55248.0,27120.0,8342.0,12414.0,2021-04-01,0.4908774978279757,0.15099189110918043
RJR,55408.0,23998.0,6948.0,12500.0,2021-05-01,0.4331143517181634,0.1253970545769564
RJR,54252.0,23054.0,6454.0,13904.0,2021-06-01,0.4249428592494286,0.11896335618963357
RJR,55034.0,22928.0,6448.0,0.0,2021-07-01,0.41661518334120723,0.11716393502198641
RJR,70496.0,31830.0,7500.0,10152.0,2021-10-01,0.4515149795733091,0.10638901497957332
RJR,72280.0,37314.0,8446.0,10728.0,2021-11-01,0.5162423907028224,0.11685113447703376
RJR,75890.0,40626.0,8760.0,9574.0,2021-12-01,0.5353274476215575,0.11543022796152326
RJR,88202.0,49762.0,10720.0,11208.0,2022-01-01,0.5641822180902928,0.12153919412258225
RJR,90784.0,52462.0,10188.0,11372.0,2022-02-01,0.5778771589707438,0.11222241804723299
RJR,90964.0,52214.0,10368.0,13530.0,2022-03-01,0.574007299591047,0.11397915658942
RJR,89684.0,50988.0,10198.0,11664.0,2022-04-01,0.568529503590384,0.11371036082244325
RJR,90624.0,51002.0,11040.0,14366.0,2022-05-01,0.5627868997175142,0.12182203389830508
RJR,90180.0,50692.0,11306.0,12098.0,2022-06-01,0.5621202040363718,0.12537147926369482
RJR,89654.0,51046.0,10780.0,12290.0,2022-07-01,0.5693666763334597,0.12024003390813572
RJR,90258.0,51158.0,11412.0,12404.0,2022-08-01,0.566797403000288,0.12643754570232002
RJR,90982.0,52142.0,10960.0,13570.0,2022-09-01,0.573102371897738,0.12046338836253324
RJR,88854.0,49986.0,9948.0,14026.0,2022-10-01,0.5625633060976434,0.11195894388547505
RJR,85982.0,48370.0,8872.0,15156.0,2022-11-01,0.5625596054988253,0.1031843874299272
RJR,82824.0,47484.0,7714.0,12008.0,2022-12-01,0.5733120834540713,0.09313725490196079
RJR,80118.0,44342.0,6326.0,14264.0,2023-01-01,0.5534586484934721,0.07895853615916523
RJR,78770.0,42444.0,5604.0,13612.0,2023-02-01,0.5388345816935382,0.07114383648597182
RJR,78394.0,42166.0,5920.0,14972.0,2023-03-01,0.5378727963874786,0.07551598336607393
RJR,78306.0,42024.0,6628.0,11090.0,2023-04-01,0.5366638571756953,0.08464230071769724
RJR,76784.0,40862.0,7164.0,13732.0,2023-05-01,0.5321681600333403,0.09330068764325901
RJR,74618.0,39598.0,7176.0,14288.0,2023-06-01,0.5306762443378273,0.09616982497520705
RJR,76630.0,39596.0,7206.0,13374.0,2023-07-01,0.5167166905911523,0.09403627822001827
RJR,76614.0,39442.0,7092.0,13854.0,2023-08-01,0.5148145247604876,0.09256793797478267
RJR,76342.0,38366.0,6428.0,13488.0,2023-09-01,0.5025542951455293,0.08420004715621807
RJR,73526.0,35996.0,6108.0,14934.0,2023-10-01,0.489568315969861,0.0830726545711721
RJR,69746.0,33574.0,5634.0,16424.0,2023-11-01,0.4813752760014911,0.08077882602586528
RJR,69798.0,34844.0,5424.0,11662.0,2023-12-01,0.49921201180549585,0.07770996303619015
RJR,67734.0,33236.0,4358.0,14652.0,2024-01-01,0.49068414680957867,0.06433991791419376
RJR,66416.0,32182.0,3542.0,14622.0,2024-02-01,0.48455191520115637,0.05333052276559865
RJR,65772.0,32018.0,3428.0,14316.0,2024-03-01,0.48680289484887185,0.052119442924040624
RJR,66364.0,32138.0,3594.0,12954.0,2024-04-01,0.48426857935025014,0.05415586763908143
RJR,66956.0,32292.0,4052.0,13258.0,2024-05-01,0.48228687496266204,0.06051735468068582
RJR,69034.0,33096.0,4404.0,12012.0,2024-06-01,0.4794159399716082,0.06379465191065273
RJR,70332.0,33794.0,4580.0,14116.0,2024-07-01,0.4804925211852357,0.06511971790934425
RJR,72978.0,35746.0,4748.0,12352.0,2024-08-01,0.48981884951629256,0.06506070322562964
RJR,72714.0,36480.0,4468.0,14028.0,2024-09-01,0.5016915587094645,0.06144621393404296
RJR,75102.0,37132.0,4800.0,15296.0,2024-10-01,0.49442092088093526,0.06391307821362946
RJR,75282.0,37734.0,4962.0,14132.0,2024-11-01,0.5012353550649558,0.06591217023989798
RJR,74144.0,37992.0,4706.0,12438.0,2024-12-01,0.5124082865774708,0.06347108329736728
RJR,73642.0,37560.0,4484.0,14578.0,2025-01-01,0.510035034355395,0.06088916650824258
RJR,75212.0,38648.0,4380.0,13606.0,2025-02-01,0.5138541722065628,0.058235387970004784
RJR,76698.0,39164.0,4126.0,13778.0,2025-03-01,0.5106260919450312,0.053795405356071864
RJR,76052.0,39806.0,4876.0,11516.0,2025-04-01,0.5234050386577604,0.06411402724451691
RJR,74360.0,38250.0,5510.0,12266.0,2025-05-01,0.514389456697149,0.07409897794513179
RJR,75528.0,38188.0,6160.0,12302.0,2025-06-01,0.5056138120961763,0.08155915686897575
RJR,77072.0,38002.0,6534.0,13318.0,2025-07-01,0.49307141374299357,0.0847778700435956
RJR,76112.0,38938.0,6732.0,11576.0,2025-08-01,0.5115881858314063,0.08844860206012192
RJR,75142.0,36326.0,5622.0,14972.0,2025-09-01,0.4834313699395811,0.07481834393548216
RJR,73452.0,35026.0,5120.0,14778.0,2025-10-01,0.47685563361106575,0.06970538583020204
RJR,70144.0,32898.0,4076.0,14354.0,2025-11-01,0.46900661496350365,0.05810903284671533
RJR,67842.0,31370.0,2936.0,13644.0,2025-12-01,0.46239792458948736,0.0432770260310722
RJR,65994.0,29540.0,2364.0,15200.0,2026-01-01,0.44761644998030126,0.035821438312573874
RJR,65676.0,27218.0,2124.0,14422.0,2026-02-01,0.4144284061148669,0.03234058103416773
RJR,61206.0,21906.0,544.0,17864.0,2026-03-01,0.3579060876384668,0.008888017514622749
RWW,38162.0,2940.0,0.0,11142.0,2019-04-01,0.07703998742204286,0.0
RWW,39790.0,3050.0,0.0,11652.0,2019-05-01,0.07665242523247047,0.0
RWW,39696.0,3164.0,0.0,10914.0,2019-06-01,0.07970576380491737,0.0
RWW,38918.0,3092.0,0.0,13670.0,2019-07-01,0.07944909810370522,0.0
RWW,39110.0,3126.0,0.0,11110.0,2019-08-01,0.07992840705701866,0.0
RWW,39816.0,3132.0,0.0,12024.0,2019-09-01,0.07866184448462929,0.0
RWW,40482.0,3138.0,0.0,13430.0,2019-10-01,0.07751593300726249,0.0
RWW,40056.0,3020.0,0.0,13268.0,2019-11-01,0.07539444777311763,0.0
RWW,39130.0,3060.0,0.0,11208.0,2019-12-01,0.07820086889854332,0.0
RWW,38606.0,3038.0,0.0,13444.0,2020-01-01,0.07869243122830648,0.0
RWW,39328.0,3142.0,0.0,11578.0,2020-02-01,0.07989218877135883,0.0
RWW,38622.0,3846.0,2.0,10596.0,2020-03-01,0.09958054994562685,5.178395733001916e-05
RWW,33722.0,6198.0,10.0,5402.0,2020-04-01,0.18379692782160015,0.0002965423165885772
RWW,31602.0,8774.0,38.0,5482.0,2020-05-01,0.2776406556547054,0.0012024555407885577
RWW,31132.0,11900.0,146.0,8456.0,2020-06-01,0.38224335089297184,0.004689708338686881
RWW,31534.0,14828.0,324.0,8150.0,2020-07-01,0.47022261685799455,0.010274624215132873
RWW,33268.0,13380.0,422.0,7452.0,2020-08-01,0.4021882890465312,0.012684862330167128
RWW,34224.0,10888.0,562.0,10016.0,2020-09-01,0.3181393174380552,0.01642122487143525
RWW,36746.0,10312.0,836.0,10572.0,2020-10-01,0.28062918412888477,0.022750775594622543
RWW,38902.0,9808.0,1234.0,10466.0,2020-11-01,0.2521207135879903,0.03172073415248573
RWW,40380.0,9820.0,1620.0,9090.0,2020-12-01,0.24318969787023278,0.04011887072808321
RWW,40170.0,10864.0,2342.0,9368.0,2021-01-01,0.2704505850136918,0.05830221558376898
RWW,40946.0,11584.0,2884.0,9546.0,2021-02-01,0.2829091974796073,0.07043423044986079
RWW,40542.0,10966.0,3076.0,12724.0,2021-03-01,0.27048492920921513,0.07587193527699669
RWW,39964.0,11062.0,2728.0,10524.0,2021-04-01,0.27679911920728656,0.06826143529176258
RWW,40598.0,9848.0,2392.0,10836.0,2021-05-01,0.24257352578944777,0.058919158579240356
RWW,40974.0,9362.0,2032.0,11894.0,2021-06-01,0.22848635720212818,0.04959242446429443
RWW,42382.0,10078.0,1962.0,10824.0,2021-07-01,0.23778962767212497,0.046293237695247985
RWW,42766.0,9800.0,1934.0,10322.0,2021-08-01,0.22915400084179022,0.045222840574287985
RWW,44214.0,11034.0,2050.0,11560.0,2021-09-01,0.2495589632243181,0.0463654046229701
RWW,44652.0,12278.0,2156.0,11320.0,2021-10-01,0.27497088596255487,0.04828451133207919
RWW,44256.0,12024.0,2022.0,12936.0,2021-11-01,0.27169197396963124,0.04568872017353579
RWW,45278.0,13468.0,2010.0,10630.0,2021-12-01,0.29745130085251115,0.04439242015990105
RWW,45896.0,15344.0,2266.0,11292.0,2022-01-01,0.3343210737319156,0.0493724943350183
RWW,47218.0,15598.0,2076.0,12088.0,2022-02-01,0.3303401245287814,0.04396628404422043
RWW,46678.0,15590.0,2042.0,13938.0,2022-03-01,0.33399031663738804,0.043746518702600795
RWW,47526.0,15924.0,2192.0,10692.0,2022-04-01,0.3350587047090014,0.04612212262761436
RWW,49032.0,15316.0,2370.0,12462.0,2022-05-01,0.31236743351280793,0.04833578071463534
RWW,48536.0,16416.0,2596.0,11796.0,2022-06-01,0.3382231745508489,0.053486072193835506
RWW,50402.0,18790.0,2842.0,11642.0,2022-07-01,0.37280266656085076,0.05638665132336018
RWW,53950.0,20260.0,2896.0,12682.0,2022-08-01,0.3755329008341057,0.05367933271547729
RWW,54652.0,21572.0,3272.0,12188.0,2022-09-01,0.39471565541974674,0.05986972114469736
RWW,57110.0,21892.0,3174.0,12754.0,2022-10-01,0.3833304149886185,0.05557695675013133
RWW,58140.0,22894.0,3242.0,14054.0,2022-11-01,0.39377364981080154,0.05576195390436876
RWW,58088.0,24804.0,2918.0,11122.0,2022-12-01,0.42700729927007297,0.050234127530643165
RWW,59232.0,24718.0,2716.0,13524.0,2023-01-01,0.4173082117774176,0.045853592652620206
RWW,59244.0,25150.0,2832.0,13046.0,2023-02-01,0.42451556275741004,0.047802309094591856
RWW,60900.0,26694.0,3142.0,12544.0,2023-03-01,0.4383251231527094,0.051592775041050906
RWW,62822.0,28738.0,3794.0,10302.0,2023-04-01,0.457451211359078,0.06039285600585782
RWW,62822.0,29076.0,4378.0,12922.0,2023-05-01,0.4628314921524307,0.06968896246537837
RWW,64094.0,30426.0,5010.0,13878.0,2023-06-01,0.47470902112522234,0.07816644303678971
RWW,64454.0,32252.0,5832.0,12558.0,2023-07-01,0.5003878735222019,0.09048313525925467
RWW,66834.0,33074.0,6744.0,12040.0,2023-08-01,0.49486788161714096,0.10090672412245265
RWW,66940.0,33574.0,7276.0,12576.0,2023-09-01,0.5015536301165222,0.10869435315207648
RWW,66716.0,32494.0,7474.0,14130.0,2023-10-01,0.4870495833083518,0.11202709994603993
RWW,66080.0,32046.0,7252.0,14402.0,2023-11-01,0.48495762711864404,0.10974576271186441
RWW,68128.0,33632.0,6850.0,10800.0,2023-12-01,0.49365899483325504,0.1005460310004697
RWW,66542.0,32686.0,5982.0,13672.0,2024-01-01,0.49120856000721347,0.08989810946469899
RWW,73382.0,31764.0,5348.0,13012.0,2024-02-01,0.43285819410754683,0.07287890763402469
RWW,72688.0,31418.0,5016.0,12642.0,2024-03-01,0.4322309046885318,0.06900726392251816
RWW,72496.0,30738.0,4574.0,13038.0,2024-04-01,0.4239958066651953,0.06309313617303024
RWW,72950.0,29560.0,4246.0,13576.0,2024-05-01,0.4052090472926662,0.05820424948594928
RWW,72282.0,28976.0,3860.0,12466.0,2024-06-01,0.4008743532276362,0.053401953460059215
RWW,72792.0,29642.0,3694.0,14058.0,2024-07-01,0.4072150785800637,0.05074733487196395
RWW,70746.0,29824.0,3456.0,12756.0,2024-08-01,0.4215644700760467,0.048850818420829445
RWW,70130.0,29024.0,3098.0,13292.0,2024-09-01,0.41385997433338084,0.04417510337943819
RWW,69348.0,28602.0,2658.0,14878.0,2024-10-01,0.41244159889254195,0.03832843052431217
RWW,68274.0,27624.0,2270.0,13648.0,2024-11-01,0.4046049740750505,0.03324838152151624
RWW,67212.0,27240.0,2326.0,12240.0,2024-12-01,0.4052847705766827,0.03460691543176814
RWW,67554.0,27966.0,2586.0,12986.0,2025-01-01,0.4139799271693756,0.038280486721733724
RWW,68892.0,29032.0,2910.0,11578.0,2025-02-01,0.4214132264994484,0.04224002786970911
RWW,69496.0,28906.0,2774.0,13936.0,2025-03-01,0.41593760791988027,0.03991596638655462
RWW,68952.0,29962.0,3056.0,12040.0,2025-04-01,0.4345341686970646,0.04432068685462351
RWW,66230.0,28826.0,3074.0,13582.0,2025-05-01,0.43524082741959835,0.04641401177714027
RWW,65122.0,28148.0,3270.0,14278.0,2025-06-01,0.432234882221062,0.0502134455329996
RWW,66668.0,28564.0,3238.0,14108.0,2025-07-01,0.42845143097138055,0.048569028619427614
RWW,65038.0,27964.0,2994.0,12592.0,2025-08-01,0.4299640210338571,0.04603462591100587
RWW,64964.0,26382.0,2588.0,14198.0,2025-09-01,0.40610184101964164,0.03983744843297826
RWW,65508.0,26152.0,2558.0,14104.0,2025-10-01,0.3992184160713195,0.03904866581180925
RWW,65226.0,25736.0,2178.0,12560.0,2025-11-01,0.3945665838775948,0.0333915923098151
RWW,66378.0,25824.0,1858.0,12102.0,2025-12-01,0.3890445629576064,0.027991201904245384
RWW,66538.0,25628.0,1718.0,13212.0,2026-01-01,0.3851633652950194,0.025819832276293246
RWW,67422.0,24936.0,1128.0,13182.0,2026-02-01,0.3698496039868292,0.01673044406870161
RWW,66264.0,23012.0,488.0,14902.0,2026-03-01,0.3472775564409031,0.007364481468067126
