scenario,strategy,strategy_name,feasible,breaches_cleared,breaches_cleared_higher_deprivation,total_cost,breaches_per_million,delivery_risk_exposure,pct_of_baseline_cleared,spend_share_x1,spend_share_x2,spend_share_x3,equity_share,rank_breaches_cleared,rank_breaches_cleared_higher_deprivation,rank_breaches_per_million,rank_delivery_risk_exposure,sum_of_ranks
A1B1,S0,Hold position,True,0.0,0.0,0.0,0.0,0.0,0.0,0.0,0.0,0.0,0.0,36.0,36.0,36.0,1.0,109.0
A1B1,S1,Unconstrained optimisation,True,25317.0,25317.0,4500000.0,5626.0,1.0,0.0961549420072441,1.5901668446015906e-06,0.0,0.9999984098331554,1.0,21.0,21.0,6.0,24.0,72.0
A1B1,S2,NHS delivery only,True,25317.0,25317.0,4500000.0,5626.0,1.0,0.0961549420072441,1.590166844763991e-06,0.0,0.9999984098331551,1.0,21.0,21.0,6.0,24.0,72.0
A1B1,S3,No in-house expansion,True,25317.0,25317.0,4499995.5,5626.0,1.0,0.0961549420072441,0.0,0.0,1.0,1.0,21.0,21.0,6.0,24.0,72.0
A1B1,S4,Diagnostic-led recovery,True,25317.0,25317.0,4500000.0,5626.0,1.0,0.0961549420072441,1.590166844763991e-06,0.0,0.9999984098331551,1.0,21.0,21.0,6.0,24.0,72.0
A1B1,S5,Equity-first,True,25317.0,25317.0,4500000.0,5626.0,1.0,0.0961549420072441,1.5901668446015906e-06,0.0,0.9999984098331554,1.0,21.0,21.0,6.0,24.0,72.0
A1B1,S6,Diversified hedge,True,17357.0,17357.0,4500000.0,3857.1,0.7293,0.0659207114535567,0.5,1.0901668446865077e-06,0.49999890983315537,1.0,27.0,27.0,16.0,22.0,92.0
A1B1,S7,Treatment capacity only,True,9396.0,9396.0,4500000.0,2088.0,0.0,0.03568648089986929,1.0,0.0,0.0,1.0,28.0,28.0,19.0,1.0,76.0
A1B2,S0,Hold position,True,0.0,0.0,0.0,0.0,0.0,0.0,0.0,0.0,0.0,0.0,36.0,36.0,36.0,1.0,109.0
A1B2,S1,Unconstrained optimisation,True,9396.0,9396.0,4499995.5,2088.0,0.0,0.03568648089986929,1.0,0.0,0.0,1.0,28.0,28.0,19.0,1.0,76.0
A1B2,S2,NHS delivery only,True,9396.0,9396.0,4499995.5,2088.0,0.0,0.03568648089986929,1.0,0.0,0.0,1.0,28.0,28.0,19.0,1.0,76.0
A1B2,S3,No in-house expansion,True,9396.0,9396.0,4499995.5,2088.0,1.0,0.03568648089986929,0.0,1.0,0.0,1.0,28.0,28.0,19.0,24.0,99.0
A1B2,S4,Diagnostic-led recovery,True,9219.0,9219.0,4499995.5,2048.7,0.4904,0.035013765808371095,0.5,0.0,0.5,1.0,35.0,35.0,34.0,17.0,121.0
A1B2,S5,Equity-first,True,9396.0,9396.0,4499995.499999999,2088.0,0.0,0.03568648089986928,1.0,0.0,0.0,1.0,28.0,28.0,19.0,1.0,76.0
A1B2,S6,Diversified hedge,True,9396.0,9396.0,4500000.000000001,2088.0,0.5,0.0356864808998693,0.5,0.4999734757839226,2.6524216077386864e-05,1.0,28.0,28.0,19.0,19.0,94.0
A1B2,S7,Treatment capacity only,True,9396.0,9396.0,4500000.0,2088.0,0.0,0.03568648089986929,1.0,0.0,0.0,1.0,28.0,28.0,19.0,1.0,76.0
A2B1,S0,Hold position,True,0.0,0.0,0.0,0.0,0.0,0.0,0.0,0.0,0.0,0.0,36.0,36.0,36.0,1.0,109.0
A2B1,S1,Unconstrained optimisation,True,101269.0,101269.0,18000000.0,5626.1,1.0,0.38461976802897635,1.5901668450961486e-06,0.0,0.9999984098331549,1.0,1.0,1.0,1.0,24.0,27.0
A2B1,S2,NHS delivery only,True,101269.0,101269.0,18000000.000000004,5626.1,1.0,0.38461976802897635,1.5901668450957712e-06,0.0,0.9999984098331549,1.0,1.0,1.0,1.0,24.0,27.0
A2B1,S3,No in-house expansion,True,101269.0,101269.0,17999982.0,5626.1,1.0,0.38461976802897635,0.0,0.0,1.0,1.0,1.0,1.0,1.0,24.0,27.0
A2B1,S4,Diagnostic-led recovery,True,101269.0,101269.0,18000000.0,5626.1,1.0,0.38461976802897635,1.5901668447089698e-06,0.0,0.9999984098331554,1.0,1.0,1.0,1.0,24.0,27.0
A2B1,S5,Equity-first,True,101269.0,101269.0,18000000.0,5626.1,1.0,0.38461976802897635,1.5901668450961486e-06,0.0,0.9999984098331549,1.0,1.0,1.0,1.0,24.0,27.0
A2B1,S6,Diversified hedge,True,69427.0,69427.0,18000000.0,3857.1,0.7293,0.2636828458142268,0.4999999999999998,1.09016684480948e-06,0.49999890983315537,1.0,6.0,6.0,16.0,22.0,50.0
A2B1,S7,Treatment capacity only,True,37584.0,37584.0,17999982.000000004,2088.0,0.0,0.1427459235994772,1.0,0.0,0.0,1.0,7.0,7.0,19.0,1.0,34.0
A2B2,S0,Hold position,True,0.0,0.0,0.0,0.0,0.0,0.0,0.0,0.0,0.0,0.0,36.0,36.0,36.0,1.0,109.0
A2B2,S1,Unconstrained optimisation,True,37584.0,37584.0,17999982.000000004,2088.0,0.0,0.1427459235994772,1.0,0.0,0.0,1.0,7.0,7.0,19.0,1.0,34.0
A2B2,S2,NHS delivery only,True,37584.0,37584.0,17999982.0,2088.0,0.0,0.14274592359947716,1.0,0.0,0.0,1.0,7.0,7.0,19.0,1.0,34.0
A2B2,S3,No in-house expansion,True,37584.0,37584.0,18000000.0,2088.0,1.0,0.14274592359947716,0.0,0.999973475783911,2.6524216089026944e-05,1.0,7.0,7.0,19.0,24.0,57.0
A2B2,S4,Diagnostic-led recovery,True,36876.0,36876.0,17999982.0,2048.7,0.4904,0.14005506323348438,0.5000000000000001,0.0,0.5,1.0,14.0,14.0,34.0,17.0,79.0
A2B2,S5,Equity-first,True,37584.0,37584.0,17999982.000000004,2088.0,0.0,0.1427459235994772,1.0,0.0,0.0,1.0,7.0,7.0,19.0,1.0,34.0
A2B2,S6,Diversified hedge,True,37584.0,37584.0,18000000.0,2088.0,0.5,0.1427459235994772,0.4999999999999999,0.49997347578391876,2.6524216081265218e-05,1.0,7.0,7.0,19.0,19.0,52.0
A2B2,S7,Treatment capacity only,True,37584.0,37584.0,17999982.000000004,2088.0,0.0,0.1427459235994772,1.0,0.0,0.0,1.0,7.0,7.0,19.0,1.0,34.0
BASE,S0,Hold position,True,0.0,0.0,0.0,0.0,0.0,0.0,0.0,0.0,0.0,0.0,36.0,36.0,36.0,1.0,109.0
BASE,S1,Unconstrained optimisation,True,36167.0,36167.0,9000000.0,4018.6,1.0,0.13736420286749157,2.0815520459267355e-06,0.0,0.9999979184479542,1.0,15.0,15.0,11.0,24.0,65.0
BASE,S2,NHS delivery only,True,36167.0,36167.0,9000000.0,4018.6,1.0,0.13736420286749157,2.081552046082284e-06,0.0,0.9999979184479539,1.0,15.0,15.0,11.0,24.0,65.0
BASE,S3,No in-house expansion,True,36167.0,36167.0,8999991.0,4018.6,1.0,0.13736420286749157,0.0,0.0,1.0,1.0,15.0,15.0,11.0,24.0,65.0
BASE,S4,Diagnostic-led recovery,True,36167.0,36167.0,9000000.0,4018.6,1.0,0.13736420286749157,2.081552046104424e-06,0.0,0.9999979184479539,1.0,15.0,15.0,11.0,24.0,65.0
BASE,S5,Equity-first,True,36167.0,36167.0,9000000.0,4018.6,1.0,0.13736420286749157,2.0815520459267355e-06,0.0,0.9999979184479542,1.0,15.0,15.0,11.0,24.0,65.0
BASE,S6,Diversified hedge,True,27480.0,27480.0,9000000.0,3053.3,0.6581,0.10436858233361508,0.5,1.5815520461352527e-06,0.49999841844795384,1.0,20.0,20.0,18.0,21.0,79.0
BASE,S7,Treatment capacity only,True,18792.0,18792.0,9000000.0,2088.0,0.0,0.07137296179973858,1.0,0.0,0.0,1.0,26.0,26.0,19.0,1.0,72.0
